v    -0.155 -1.0714e-08         0
v -0.154785 -0.0493084         0
v -0.154785 -1.0699e-08 -0.0493084
v -0.154785 -1.0699e-08 0.0493084
v -0.154785 0.0493084         0
v  -0.15457  -0.04924 -0.0493084
v  -0.15457  -0.04924 0.0493084
v  -0.15457   0.04924 -0.0493084
v  -0.15457   0.04924 0.0493084
v -0.154138 -0.0672638         0
v -0.154138 -1.0654e-08 -0.0672638
v -0.154138 -1.0654e-08 0.0672638
v -0.154138 0.0672638         0
v -0.153924 -0.0671704 -0.0493084
v -0.153924 -0.0671704 0.0493084
v -0.153924 -0.0490343 -0.0672638
v -0.153924 -0.0490343 0.0672638
v -0.153924 0.0490343 -0.0672638
v -0.153924 0.0490343 0.0672638
v -0.153924 0.0671704 -0.0493084
v -0.153924 0.0671704 0.0493084
v -0.153281 -0.0668899 -0.0672638
v -0.153281 -0.0668899 0.0672638
v -0.153281 0.0668899 -0.0672638
v -0.153281 0.0668899 0.0672638
v -0.153058 -0.0805406         0
v -0.153058 -1.0579e-08 -0.0805406
v -0.153058 -1.0579e-08 0.0805406
v -0.153058 0.0805406         0
v -0.152845 -0.0804288 -0.0493084
v -0.152845 -0.0804288 0.0493084
v -0.152845 -0.0486906 -0.0805406
v -0.152845 -0.0486906 0.0805406
v -0.152845 0.0486906 -0.0805406
v -0.152845 0.0486906 0.0805406
v -0.152845 0.0804288 -0.0493084
v -0.152845 0.0804288 0.0493084
v -0.152207 -0.0800929 -0.0672638
v -0.152207 -0.0800929 0.0672638
v -0.152207 -0.066421 -0.0805406
v -0.152207 -0.066421 0.0805406
v -0.152207  0.066421 -0.0805406
v -0.152207  0.066421 0.0805406
v -0.152207 0.0800929 -0.0672638
v -0.152207 0.0800929 0.0672638
v -0.151539 -0.0913742         0
v -0.151539 -1.0474e-08 -0.0913742
v -0.151539 -1.0474e-08 0.0913742
v -0.151539 0.0913742         0
v -0.151329 -0.0912474 -0.0493084
v -0.151329 -0.0912474 0.0493084
v -0.151329 -0.0482074 -0.0913742
v -0.151329 -0.0482074 0.0913742
v -0.151329 0.0482074 -0.0913742
v -0.151329 0.0482074 0.0913742
v -0.151329 0.0912474 -0.0493084
v -0.151329 0.0912474 0.0493084
v  -0.15114 -0.0795315 -0.0805406
v  -0.15114 -0.0795315 0.0805406
v  -0.15114 0.0795315 -0.0805406
v  -0.15114 0.0795315 0.0805406
v -0.150697 -0.0908663 -0.0672638
v -0.150697 -0.0908663 0.0672638
v -0.150697 -0.0657619 -0.0913742
v -0.150697 -0.0657619 0.0913742
v -0.150697 0.0657619 -0.0913742
v -0.150697 0.0657619 0.0913742
v -0.150697 0.0908663 -0.0672638
v -0.150697 0.0908663 0.0672638
v  -0.14964 -0.0902294 -0.0805406
v  -0.14964 -0.0902294 0.0805406
v  -0.14964 -0.0787423 -0.0913742
v  -0.14964 -0.0787423 0.0913742
v  -0.14964 0.0787423 -0.0913742
v  -0.14964 0.0787423 0.0913742
v  -0.14964 0.0902294 -0.0805406
v  -0.14964 0.0902294 0.0805406
v -0.149575 -0.100603         0
v -0.149575 -1.0339e-08 -0.100603
v -0.149575 -1.0339e-08  0.100603
v -0.149575  0.100603         0
v -0.149367 -0.100463 -0.0493084
v -0.149367 -0.100463 0.0493084
v -0.149367 -0.0475826 -0.100603
v -0.149367 -0.0475826  0.100603
v -0.149367 0.0475826 -0.100603
v -0.149367 0.0475826  0.100603
v -0.149367  0.100463 -0.0493084
v -0.149367  0.100463 0.0493084
v -0.148743 -0.100043 -0.0672638
v -0.148743 -0.100043 0.0672638
v -0.148743 -0.0649095 -0.100603
v -0.148743 -0.0649095  0.100603
v -0.148743 0.0649095 -0.100603
v -0.148743 0.0649095  0.100603
v -0.148743  0.100043 -0.0672638
v -0.148743  0.100043 0.0672638
v -0.148155 -0.089334 -0.0913742
v -0.148155 -0.089334 0.0913742
v -0.148155  0.089334 -0.0913742
v -0.148155  0.089334 0.0913742
v -0.147701 -0.0993422 -0.0805406
v -0.147701 -0.0993422 0.0805406
v -0.147701 -0.0777216 -0.100603
v -0.147701 -0.0777216  0.100603
v -0.147701 0.0777216 -0.100603
v -0.147701 0.0777216  0.100603
v -0.147701 0.0993422 -0.0805406
v -0.147701 0.0993422 0.0805406
v -0.147156 -0.108643         0
v -0.147156 -1.0171e-08 -0.108643
v -0.147156 -1.0171e-08  0.108643
v -0.147156  0.108643         0
v -0.146952 -0.108492 -0.0493084
v -0.146952 -0.108492 0.0493084
v -0.146952 -0.0468131 -0.108643
v -0.146952 -0.0468131  0.108643
v -0.146952 0.0468131 -0.108643
v -0.146952 0.0468131  0.108643
v -0.146952  0.108492 -0.0493084
v -0.146952  0.108492 0.0493084
v -0.146338 -0.108039 -0.0672638
v -0.146338 -0.108039 0.0672638
v -0.146338 -0.0638598 -0.108643
v -0.146338 -0.0638598  0.108643
v -0.146338 0.0638598 -0.108643
v -0.146338 0.0638598  0.108643
v -0.146338  0.108039 -0.0672638
v -0.146338  0.108039 0.0672638
v -0.146235 -0.0983563 -0.0913742
v -0.146235 -0.0983563 0.0913742
v -0.146235 -0.0881761 -0.100603
v -0.146235 -0.0881761  0.100603
v -0.146235 0.0881761 -0.100603
v -0.146235 0.0881761  0.100603
v -0.146235 0.0983563 -0.0913742
v -0.146235 0.0983563 0.0913742
v -0.145312 -0.107282 -0.0805406
v -0.145312 -0.107282 0.0805406
v -0.145312 -0.0764648 -0.108643
v -0.145312 -0.0764648  0.108643
v -0.145312 0.0764648 -0.108643
v -0.145312 0.0764648  0.108643
v -0.145312  0.107282 -0.0805406
v -0.145312  0.107282 0.0805406
v  -0.14434 -0.0970815 -0.100603
v  -0.14434 -0.0970815  0.100603
v  -0.14434 0.0970815 -0.100603
v  -0.14434 0.0970815  0.100603
v  -0.14427 -0.115736         0
v  -0.14427 -9.972e-09 -0.115736
v  -0.14427 -9.972e-09  0.115736
v  -0.14427  0.115736         0
v  -0.14407 -0.115576 -0.0493084
v  -0.14407 -0.115576 0.0493084
v  -0.14407 -0.045895 -0.115736
v  -0.14407 -0.045895  0.115736
v  -0.14407  0.045895 -0.115736
v  -0.14407  0.045895  0.115736
v  -0.14407  0.115576 -0.0493084
v  -0.14407  0.115576 0.0493084
v  -0.14387 -0.106217 -0.0913742
v  -0.14387 -0.106217 0.0913742
v  -0.14387 -0.0867501 -0.108643
v  -0.14387 -0.0867501  0.108643
v  -0.14387 0.0867501 -0.108643
v  -0.14387 0.0867501  0.108643
v  -0.14387  0.106217 -0.0913742
v  -0.14387  0.106217 0.0913742
v -0.143468 -0.115093 -0.0672638
v -0.143468 -0.115093 0.0672638
v -0.143468 -0.0626074 -0.115736
v -0.143468 -0.0626074  0.115736
v -0.143468 0.0626074 -0.115736
v -0.143468 0.0626074  0.115736
v -0.143468  0.115093 -0.0672638
v -0.143468  0.115093 0.0672638
v -0.142462 -0.114286 -0.0805406
v -0.142462 -0.114286 0.0805406
v -0.142462 -0.0749652 -0.115736
v -0.142462 -0.0749652  0.115736
v -0.142462 0.0749652 -0.115736
v -0.142462 0.0749652  0.115736
v -0.142462  0.114286 -0.0805406
v -0.142462  0.114286 0.0805406
v -0.142005 -0.104841 -0.100603
v -0.142005 -0.104841  0.100603
v -0.142005 -0.0955116 -0.108643
v -0.142005 -0.0955116  0.108643
v -0.142005 0.0955116 -0.108643
v -0.142005 0.0955116  0.108643
v -0.142005  0.104841 -0.100603
v -0.142005  0.104841  0.100603
v -0.141049 -0.113152 -0.0913742
v -0.141049 -0.113152 0.0913742
v -0.141049 -0.0850488 -0.115736
v -0.141049 -0.0850488  0.115736
v -0.141049 0.0850488 -0.115736
v -0.141049 0.0850488  0.115736
v -0.141049  0.113152 -0.0913742
v -0.141049  0.113152 0.0913742
v -0.140901 -0.122034         0
v -0.140901 -9.739e-09 -0.122034
v -0.140901 -9.739e-09  0.122034
v -0.140901  0.122034         0
v -0.140705 -0.121864 -0.0493084
v -0.140705 -0.121864 0.0493084
v -0.140705 -0.0448231 -0.122034
v -0.140705 -0.0448231  0.122034
v -0.140705 0.0448231 -0.122034
v -0.140705 0.0448231  0.122034
v -0.140705  0.121864 -0.0493084
v -0.140705  0.121864 0.0493084
v -0.140117 -0.121355 -0.0672638
v -0.140117 -0.121355 0.0672638
v -0.140117 -0.0611452 -0.122034
v -0.140117 -0.0611452  0.122034
v -0.140117 0.0611452 -0.122034
v -0.140117 0.0611452  0.122034
v -0.140117  0.121355 -0.0672638
v -0.140117  0.121355 0.0672638
v -0.139709 -0.103145 -0.108643
v -0.139709 -0.103145  0.108643
v -0.139709  0.103145 -0.108643
v -0.139709  0.103145  0.108643
v -0.139221 -0.111686 -0.100603
v -0.139221 -0.111686  0.100603
v -0.139221 -0.0936384 -0.115736
v -0.139221 -0.0936384  0.115736
v -0.139221 0.0936384 -0.115736
v -0.139221 0.0936384  0.115736
v -0.139221  0.111686 -0.100603
v -0.139221  0.111686  0.100603
v -0.139135 -0.120505 -0.0805406
v -0.139135 -0.120505 0.0805406
v -0.139135 -0.0732143 -0.122034
v -0.139135 -0.0732143  0.122034
v -0.139135 0.0732143 -0.122034
v -0.139135 0.0732143  0.122034
v -0.139135  0.120505 -0.0805406
v -0.139135  0.120505 0.0805406
v -0.137754 -0.119309 -0.0913742
v -0.137754 -0.119309 0.0913742
v -0.137754 -0.0830624 -0.122034
v -0.137754 -0.0830624  0.122034
v -0.137754 0.0830624 -0.122034
v -0.137754 0.0830624  0.122034
v -0.137754  0.119309 -0.0913742
v -0.137754  0.119309 0.0913742
v -0.137026 -0.127637         0
v -0.137026 -9.471e-09 -0.127637
v -0.137026 -9.471e-09  0.127637
v -0.137026  0.127637         0
v -0.136969 -0.109879 -0.108643
v -0.136969 -0.109879  0.108643
v -0.136969 -0.101122 -0.115736
v -0.136969 -0.101122  0.115736
v -0.136969  0.101122 -0.115736
v -0.136969  0.101122  0.115736
v -0.136969  0.109879 -0.108643
v -0.136969  0.109879  0.108643
v -0.136836  -0.12746 -0.0493084
v -0.136836  -0.12746 0.0493084
v -0.136836 -0.0435905 -0.127637
v -0.136836 -0.0435905  0.127637
v -0.136836 0.0435905 -0.127637
v -0.136836 0.0435905  0.127637
v -0.136836   0.12746 -0.0493084
v -0.136836   0.12746 0.0493084
v -0.136264 -0.126927 -0.0672638
v -0.136264 -0.126927 0.0672638
v -0.136264 -0.0594637 -0.127637
v -0.136264 -0.0594637  0.127637
v -0.136264 0.0594637 -0.127637
v -0.136264 0.0594637  0.127637
v -0.136264  0.126927 -0.0672638
v -0.136264  0.126927 0.0672638
v -0.135969 -0.117762 -0.100603
v -0.135969 -0.117762  0.100603
v -0.135969 -0.0914514 -0.122034
v -0.135969 -0.0914514  0.122034
v -0.135969 0.0914514 -0.122034
v -0.135969 0.0914514  0.122034
v -0.135969  0.117762 -0.100603
v -0.135969  0.117762  0.100603
v -0.135309 -0.126038 -0.0805406
v -0.135309 -0.126038 0.0805406
v -0.135309 -0.0712009 -0.127637
v -0.135309 -0.0712009  0.127637
v -0.135309 0.0712009 -0.127637
v -0.135309 0.0712009  0.127637
v -0.135309  0.126038 -0.0805406
v -0.135309  0.126038 0.0805406
v -0.134283 -0.107725 -0.115736
v -0.134283 -0.107725  0.115736
v -0.134283  0.107725 -0.115736
v -0.134283  0.107725  0.115736
v -0.133966 -0.124787 -0.0913742
v -0.133966 -0.124787 0.0913742
v -0.133966 -0.0807782 -0.127637
v -0.133966 -0.0807782  0.127637
v -0.133966 0.0807782 -0.127637
v -0.133966 0.0807782  0.127637
v -0.133966  0.124787 -0.0913742
v -0.133966  0.124787 0.0913742
v  -0.13377 -0.115858 -0.108643
v  -0.13377 -0.115858  0.108643
v  -0.13377 -0.0987606 -0.122034
v  -0.13377 -0.0987606  0.122034
v  -0.13377 0.0987606 -0.122034
v  -0.13377 0.0987606  0.122034
v  -0.13377  0.115858 -0.108643
v  -0.13377  0.115858  0.108643
v -0.132617 -0.132617         0
v -0.132617 -9.167e-09 -0.132617
v -0.132617 -9.167e-09  0.132617
v -0.132617  0.132617         0
v -0.132433 -0.132433 -0.0493084
v -0.132433 -0.132433 0.0493084
v -0.132433 -0.042188 -0.132617
v -0.132433 -0.042188  0.132617
v -0.132433  0.042188 -0.132617
v -0.132433  0.042188  0.132617
v -0.132433  0.132433 -0.0493084
v -0.132433  0.132433 0.0493084
v  -0.13223  -0.12317 -0.100603
v  -0.13223  -0.12317  0.100603
v  -0.13223 -0.0889365 -0.127637
v  -0.13223 -0.0889365  0.127637
v  -0.13223 0.0889365 -0.127637
v  -0.13223 0.0889365  0.127637
v  -0.13223   0.12317 -0.100603
v  -0.13223   0.12317  0.100603
v  -0.13188  -0.13188 -0.0672638
v  -0.13188  -0.13188 0.0672638
v  -0.13188 -0.0575506 -0.132617
v  -0.13188 -0.0575506  0.132617
v  -0.13188 0.0575506 -0.132617
v  -0.13188 0.0575506  0.132617
v  -0.13188   0.13188 -0.0672638
v  -0.13188   0.13188 0.0672638
v -0.131147 -0.113586 -0.115736
v -0.131147 -0.113586  0.115736
v -0.131147 -0.105209 -0.122034
v -0.131147 -0.105209  0.122034
v -0.131147  0.105209 -0.122034
v -0.131147  0.105209  0.122034
v -0.131147  0.113586 -0.115736
v -0.131147  0.113586  0.115736
v -0.130956 -0.130956 -0.0805406
v -0.130956 -0.130956 0.0805406
v -0.130956 -0.0689102 -0.132617
v -0.130956 -0.0689102  0.132617
v -0.130956 0.0689102 -0.132617
v -0.130956 0.0689102  0.132617
v -0.130956  0.130956 -0.0805406
v -0.130956  0.130956 0.0805406
v -0.130091 -0.121178 -0.108643
v -0.130091 -0.121178  0.108643
v -0.130091 -0.0960447 -0.127637
v -0.130091 -0.0960447  0.127637
v -0.130091 0.0960447 -0.127637
v -0.130091 0.0960447  0.127637
v -0.130091  0.121178 -0.108643
v -0.130091  0.121178  0.108643
v -0.129656 -0.129656 -0.0913742
v -0.129656 -0.129656 0.0913742
v -0.129656 -0.0781793 -0.132617
v -0.129656 -0.0781793  0.132617
v -0.129656 0.0781793 -0.132617
v -0.129656 0.0781793  0.132617
v -0.129656  0.129656 -0.0913742
v -0.129656  0.129656 0.0913742
v -0.128084 -0.110933 -0.122034
v -0.128084 -0.110933  0.122034
v -0.128084  0.110933 -0.122034
v -0.128084  0.110933  0.122034
v -0.127976 -0.127976 -0.100603
v -0.127976 -0.127976  0.100603
v -0.127976 -0.0860752 -0.132617
v -0.127976 -0.0860752  0.132617
v -0.127976 0.0860752 -0.132617
v -0.127976 0.0860752  0.132617
v -0.127976  0.127976 -0.100603
v -0.127976  0.127976  0.100603
v -0.127637 -0.137026         0
v -0.127637 -8.822e-09 -0.137026
v -0.127637 -8.822e-09  0.137026
v -0.127637  0.137026         0
v  -0.12754 -0.118801 -0.115736
v  -0.12754 -0.118801  0.115736
v  -0.12754 -0.102315 -0.127637
v  -0.12754 -0.102315  0.127637
v  -0.12754  0.102315 -0.127637
v  -0.12754  0.102315  0.127637
v  -0.12754  0.118801 -0.115736
v  -0.12754  0.118801  0.115736
v  -0.12746 -0.136836 -0.0493084
v  -0.12746 -0.136836 0.0493084
v  -0.12746 -0.0406038 -0.137026
v  -0.12746 -0.0406038  0.137026
v  -0.12746 0.0406038 -0.137026
v  -0.12746 0.0406038  0.137026
v  -0.12746  0.136836 -0.0493084
v  -0.12746  0.136836 0.0493084
v -0.126927 -0.136264 -0.0672638
v -0.126927 -0.136264 0.0672638
v -0.126927 -0.0553894 -0.137026
v -0.126927 -0.0553894  0.137026
v -0.126927 0.0553894 -0.137026
v -0.126927 0.0553894  0.137026
v -0.126927  0.136264 -0.0672638
v -0.126927  0.136264 0.0672638
v -0.126038 -0.135309 -0.0805406
v -0.126038 -0.135309 0.0805406
v -0.126038 -0.0663224 -0.137026
v -0.126038 -0.0663224  0.137026
v -0.126038 0.0663224 -0.137026
v -0.126038 0.0663224  0.137026
v -0.126038  0.135309 -0.0805406
v -0.126038  0.135309 0.0805406
v -0.125906 -0.125906 -0.108643
v -0.125906 -0.125906  0.108643
v -0.125906 -0.0929546 -0.132617
v -0.125906 -0.0929546  0.132617
v -0.125906 0.0929546 -0.132617
v -0.125906 0.0929546  0.132617
v -0.125906  0.125906 -0.108643
v -0.125906  0.125906  0.108643
v -0.124787 -0.133966 -0.0913742
v -0.124787 -0.133966 0.0913742
v -0.124787 -0.0752435 -0.137026
v -0.124787 -0.0752435  0.137026
v -0.124787 0.0752435 -0.137026
v -0.124787 0.0752435  0.137026
v -0.124787  0.133966 -0.0913742
v -0.124787  0.133966 0.0913742
v -0.124561 -0.116027 -0.122034
v -0.124561 -0.116027  0.122034
v -0.124561 -0.107882 -0.127637
v -0.124561 -0.107882  0.127637
v -0.124561  0.107882 -0.127637
v -0.124561  0.107882  0.127637
v -0.124561  0.116027 -0.122034
v -0.124561  0.116027  0.122034
v -0.123437 -0.123437 -0.115736
v -0.123437 -0.123437  0.115736
v -0.123437 -0.0990235 -0.132617
v -0.123437 -0.0990235  0.132617
v -0.123437 0.0990235 -0.132617
v -0.123437 0.0990235  0.132617
v -0.123437  0.123437 -0.115736
v -0.123437  0.123437  0.115736
v  -0.12317  -0.13223 -0.100603
v  -0.12317  -0.13223  0.100603
v  -0.12317 -0.0828428 -0.137026
v  -0.12317 -0.0828428  0.137026
v  -0.12317 0.0828428 -0.137026
v  -0.12317 0.0828428  0.137026
v  -0.12317   0.13223 -0.100603
v  -0.12317   0.13223  0.100603
v -0.122034 -0.140901         0
v -0.122034 -8.435e-09 -0.140901
v -0.122034 -8.435e-09  0.140901
v -0.122034  0.140901         0
v -0.121864 -0.140705 -0.0493084
v -0.121864 -0.140705 0.0493084
v -0.121864 -0.0388213 -0.140901
v -0.121864 -0.0388213  0.140901
v -0.121864 0.0388213 -0.140901
v -0.121864 0.0388213  0.140901
v -0.121864  0.140705 -0.0493084
v -0.121864  0.140705 0.0493084
v -0.121355 -0.140117 -0.0672638
v -0.121355 -0.140117 0.0672638
v -0.121355 -0.0529578 -0.140901
v -0.121355 -0.0529578  0.140901
v -0.121355 0.0529578 -0.140901
v -0.121355 0.0529578  0.140901
v -0.121355  0.140117 -0.0672638
v -0.121355  0.140117 0.0672638
v -0.121178 -0.130091 -0.108643
v -0.121178 -0.130091  0.108643
v -0.121178 -0.0894639 -0.137026
v -0.121178 -0.0894639  0.137026
v -0.121178 0.0894639 -0.137026
v -0.121178 0.0894639  0.137026
v -0.121178  0.130091 -0.108643
v -0.121178  0.130091  0.108643
v -0.121136 -0.112836 -0.127637
v -0.121136 -0.112836  0.127637
v -0.121136  0.112836 -0.127637
v -0.121136  0.112836  0.127637
v -0.120554 -0.120554 -0.122034
v -0.120554 -0.120554  0.122034
v -0.120554 -0.104412 -0.132617
v -0.120554 -0.104412  0.132617
v -0.120554  0.104412 -0.132617
v -0.120554  0.104412  0.132617
v -0.120554  0.120554 -0.122034
v -0.120554  0.120554  0.122034
v -0.120505 -0.139135 -0.0805406
v -0.120505 -0.139135 0.0805406
v -0.120505 -0.0634108 -0.140901
v -0.120505 -0.0634108  0.140901
v -0.120505 0.0634108 -0.140901
v -0.120505 0.0634108  0.140901
v -0.120505  0.139135 -0.0805406
v -0.120505  0.139135 0.0805406
v -0.119309 -0.137754 -0.0913742
v -0.119309 -0.137754 0.0913742
v -0.119309 -0.0719403 -0.140901
v -0.119309 -0.0719403  0.140901
v -0.119309 0.0719403 -0.140901
v -0.119309 0.0719403  0.140901
v -0.119309  0.137754 -0.0913742
v -0.119309  0.137754 0.0913742
v -0.118801  -0.12754 -0.115736
v -0.118801  -0.12754  0.115736
v -0.118801 -0.0953048 -0.137026
v -0.118801 -0.0953048  0.137026
v -0.118801 0.0953048 -0.137026
v -0.118801 0.0953048  0.137026
v -0.118801   0.12754 -0.115736
v -0.118801   0.12754  0.115736
v -0.117762 -0.135969 -0.100603
v -0.117762 -0.135969  0.100603
v -0.117762 -0.079206 -0.140901
v -0.117762 -0.079206  0.140901
v -0.117762  0.079206 -0.140901
v -0.117762  0.079206  0.140901
v -0.117762  0.135969 -0.100603
v -0.117762  0.135969  0.100603
v -0.117239 -0.117239 -0.127637
v -0.117239 -0.117239  0.127637
v -0.117239 -0.109206 -0.132617
v -0.117239 -0.109206  0.132617
v -0.117239  0.109206 -0.132617
v -0.117239  0.109206  0.132617
v -0.117239  0.117239 -0.127637
v -0.117239  0.117239  0.127637
v -0.116027 -0.124561 -0.122034
v -0.116027 -0.124561  0.122034
v -0.116027 -0.100491 -0.137026
v -0.116027 -0.100491  0.137026
v -0.116027  0.100491 -0.137026
v -0.116027  0.100491  0.137026
v -0.116027  0.124561 -0.122034
v -0.116027  0.124561  0.122034
v -0.115858  -0.13377 -0.108643
v -0.115858  -0.13377  0.108643
v -0.115858 -0.0855364 -0.140901
v -0.115858 -0.0855364  0.140901
v -0.115858 0.0855364 -0.140901
v -0.115858 0.0855364  0.140901
v -0.115858   0.13377 -0.108643
v -0.115858   0.13377  0.108643
v -0.115736  -0.14427         0
v -0.115736    -8e-09  -0.14427
v -0.115736    -8e-09   0.14427
v -0.115736   0.14427         0
v -0.115576  -0.14407 -0.0493084
v -0.115576  -0.14407 0.0493084
v -0.115576 -0.0368179  -0.14427
v -0.115576 -0.0368179   0.14427
v -0.115576 0.0368179  -0.14427
v -0.115576 0.0368179   0.14427
v -0.115576   0.14407 -0.0493084
v -0.115576   0.14407 0.0493084
v -0.115093 -0.143468 -0.0672638
v -0.115093 -0.143468 0.0672638
v -0.115093 -0.050225  -0.14427
v -0.115093 -0.050225   0.14427
v -0.115093  0.050225  -0.14427
v -0.115093  0.050225   0.14427
v -0.115093  0.143468 -0.0672638
v -0.115093  0.143468 0.0672638
v -0.114286 -0.142462 -0.0805406
v -0.114286 -0.142462 0.0805406
v -0.114286 -0.0601386  -0.14427
v -0.114286 -0.0601386   0.14427
v -0.114286 0.0601386  -0.14427
v -0.114286 0.0601386   0.14427
v -0.114286  0.142462 -0.0805406
v -0.114286  0.142462 0.0805406
v -0.113586 -0.131147 -0.115736
v -0.113586 -0.131147  0.115736
v -0.113586 -0.091121 -0.140901
v -0.113586 -0.091121  0.140901
v -0.113586  0.091121 -0.140901
v -0.113586  0.091121  0.140901
v -0.113586  0.131147 -0.115736
v -0.113586  0.131147  0.115736
v -0.113467 -0.113467 -0.132617
v -0.113467 -0.113467  0.132617
v -0.113467  0.113467 -0.132617
v -0.113467  0.113467  0.132617
v -0.113152 -0.141049 -0.0913742
v -0.113152 -0.141049 0.0913742
v -0.113152 -0.0682279  -0.14427
v -0.113152 -0.0682279   0.14427
v -0.113152 0.0682279  -0.14427
v -0.113152 0.0682279   0.14427
v -0.113152  0.141049 -0.0913742
v -0.113152  0.141049 0.0913742
v -0.112836 -0.121136 -0.127637
v -0.112836 -0.121136  0.127637
v -0.112836 -0.105105 -0.137026
v -0.112836 -0.105105  0.137026
v -0.112836  0.105105 -0.137026
v -0.112836  0.105105  0.137026
v -0.112836  0.121136 -0.127637
v -0.112836  0.121136  0.127637
v -0.111686 -0.139221 -0.100603
v -0.111686 -0.139221  0.100603
v -0.111686 -0.0751187  -0.14427
v -0.111686 -0.0751187   0.14427
v -0.111686 0.0751187  -0.14427
v -0.111686 0.0751187   0.14427
v -0.111686  0.139221 -0.100603
v -0.111686  0.139221  0.100603
v -0.110933 -0.128084 -0.122034
v -0.110933 -0.128084  0.122034
v -0.110933 -0.096079 -0.140901
v -0.110933 -0.096079  0.140901
v -0.110933  0.096079 -0.140901
v -0.110933  0.096079  0.140901
v -0.110933  0.128084 -0.122034
v -0.110933  0.128084  0.122034
v -0.109879 -0.136969 -0.108643
v -0.109879 -0.136969  0.108643
v -0.109879 -0.0811224  -0.14427
v -0.109879 -0.0811224   0.14427
v -0.109879 0.0811224  -0.14427
v -0.109879 0.0811224   0.14427
v -0.109879  0.136969 -0.108643
v -0.109879  0.136969  0.108643
v -0.109206 -0.117239 -0.132617
v -0.109206 -0.117239  0.132617
v -0.109206 -0.109206 -0.137026
v -0.109206 -0.109206  0.137026
v -0.109206  0.109206 -0.137026
v -0.109206  0.109206  0.137026
v -0.109206  0.117239 -0.132617
v -0.109206  0.117239  0.132617
v -0.108643 -0.147156         0
v -0.108643 -7.509e-09 -0.147156
v -0.108643 -7.509e-09  0.147156
v -0.108643  0.147156         0
v -0.108492 -0.146952 -0.0493084
v -0.108492 -0.146952 0.0493084
v -0.108492 -0.0345615 -0.147156
v -0.108492 -0.0345615  0.147156
v -0.108492 0.0345615 -0.147156
v -0.108492 0.0345615  0.147156
v -0.108492  0.146952 -0.0493084
v -0.108492  0.146952 0.0493084
v -0.108039 -0.146338 -0.0672638
v -0.108039 -0.146338 0.0672638
v -0.108039 -0.0471468 -0.147156
v -0.108039 -0.0471468  0.147156
v -0.108039 0.0471468 -0.147156
v -0.108039 0.0471468  0.147156
v -0.108039  0.146338 -0.0672638
v -0.108039  0.146338 0.0672638
v -0.107882 -0.124561 -0.127637
v -0.107882 -0.124561  0.127637
v -0.107882 -0.100491 -0.140901
v -0.107882 -0.100491  0.140901
v -0.107882  0.100491 -0.140901
v -0.107882  0.100491  0.140901
v -0.107882  0.124561 -0.127637
v -0.107882  0.124561  0.127637
v -0.107725 -0.134283 -0.115736
v -0.107725 -0.134283  0.115736
v -0.107725 -0.0864188  -0.14427
v -0.107725 -0.0864188   0.14427
v -0.107725 0.0864188  -0.14427
v -0.107725 0.0864188   0.14427
v -0.107725  0.134283 -0.115736
v -0.107725  0.134283  0.115736
v -0.107282 -0.145312 -0.0805406
v -0.107282 -0.145312 0.0805406
v -0.107282 -0.0564529 -0.147156
v -0.107282 -0.0564529  0.147156
v -0.107282 0.0564529 -0.147156
v -0.107282 0.0564529  0.147156
v -0.107282  0.145312 -0.0805406
v -0.107282  0.145312 0.0805406
v -0.106217  -0.14387 -0.0913742
v -0.106217  -0.14387 0.0913742
v -0.106217 -0.0640464 -0.147156
v -0.106217 -0.0640464  0.147156
v -0.106217 0.0640464 -0.147156
v -0.106217 0.0640464  0.147156
v -0.106217   0.14387 -0.0913742
v -0.106217   0.14387 0.0913742
v -0.105209 -0.131147 -0.122034
v -0.105209 -0.131147  0.122034
v -0.105209 -0.091121  -0.14427
v -0.105209 -0.091121   0.14427
v -0.105209  0.091121  -0.14427
v -0.105209  0.091121   0.14427
v -0.105209  0.131147 -0.122034
v -0.105209  0.131147  0.122034
v -0.105105 -0.112836 -0.137026
v -0.105105 -0.112836  0.137026
v -0.105105  0.112836 -0.137026
v -0.105105  0.112836  0.137026
v -0.104841 -0.142005 -0.100603
v -0.104841 -0.142005  0.100603
v -0.104841 -0.0705149 -0.147156
v -0.104841 -0.0705149  0.147156
v -0.104841 0.0705149 -0.147156
v -0.104841 0.0705149  0.147156
v -0.104841  0.142005 -0.100603
v -0.104841  0.142005  0.100603
v -0.104412 -0.120554 -0.132617
v -0.104412 -0.120554  0.132617
v -0.104412 -0.104412 -0.140901
v -0.104412 -0.104412  0.140901
v -0.104412  0.104412 -0.140901
v -0.104412  0.104412  0.140901
v -0.104412  0.120554 -0.132617
v -0.104412  0.120554  0.132617
v -0.103145 -0.139709 -0.108643
v -0.103145 -0.139709  0.108643
v -0.103145 -0.0761507 -0.147156
v -0.103145 -0.0761507  0.147156
v -0.103145 0.0761507 -0.147156
v -0.103145 0.0761507  0.147156
v -0.103145  0.139709 -0.108643
v -0.103145  0.139709  0.108643
v -0.102315  -0.12754 -0.127637
v -0.102315  -0.12754  0.127637
v -0.102315 -0.0953048  -0.14427
v -0.102315 -0.0953048   0.14427
v -0.102315 0.0953048  -0.14427
v -0.102315 0.0953048   0.14427
v -0.102315   0.12754 -0.127637
v -0.102315   0.12754  0.127637
v -0.101122 -0.136969 -0.115736
v -0.101122 -0.136969  0.115736
v -0.101122 -0.0811224 -0.147156
v -0.101122 -0.0811224  0.147156
v -0.101122 0.0811224 -0.147156
v -0.101122 0.0811224  0.147156
v -0.101122  0.136969 -0.115736
v -0.101122  0.136969  0.115736
v -0.100603 -0.149575         0
v -0.100603 -6.954e-09 -0.149575
v -0.100603 -6.954e-09  0.149575
v -0.100603  0.149575         0
v -0.100491 -0.116027 -0.137026
v -0.100491 -0.116027  0.137026
v -0.100491 -0.107882 -0.140901
v -0.100491 -0.107882  0.140901
v -0.100491  0.107882 -0.140901
v -0.100491  0.107882  0.140901
v -0.100491  0.116027 -0.137026
v -0.100491  0.116027  0.137026
v -0.100463 -0.149367 -0.0493084
v -0.100463 -0.149367 0.0493084
v -0.100463 -0.0320036 -0.149575
v -0.100463 -0.0320036  0.149575
v -0.100463 0.0320036 -0.149575
v -0.100463 0.0320036  0.149575
v -0.100463  0.149367 -0.0493084
v -0.100463  0.149367 0.0493084
v -0.100043 -0.148743 -0.0672638
v -0.100043 -0.148743 0.0672638
v -0.100043 -0.0436575 -0.149575
v -0.100043 -0.0436575  0.149575
v -0.100043 0.0436575 -0.149575
v -0.100043 0.0436575  0.149575
v -0.100043  0.148743 -0.0672638
v -0.100043  0.148743 0.0672638
v -0.0993422 -0.147701 -0.0805406
v -0.0993422 -0.147701 0.0805406
v -0.0993422 -0.0522749 -0.149575
v -0.0993422 -0.0522749  0.149575
v -0.0993422 0.0522749 -0.149575
v -0.0993422 0.0522749  0.149575
v -0.0993422  0.147701 -0.0805406
v -0.0993422  0.147701 0.0805406
v -0.0990235 -0.123437 -0.132617
v -0.0990235 -0.123437  0.132617
v -0.0990235 -0.0990235  -0.14427
v -0.0990235 -0.0990235   0.14427
v -0.0990235 0.0990235  -0.14427
v -0.0990235 0.0990235   0.14427
v -0.0990235  0.123437 -0.132617
v -0.0990235  0.123437  0.132617
v -0.0987606  -0.13377 -0.122034
v -0.0987606  -0.13377  0.122034
v -0.0987606 -0.0855364 -0.147156
v -0.0987606 -0.0855364  0.147156
v -0.0987606 0.0855364 -0.147156
v -0.0987606 0.0855364  0.147156
v -0.0987606   0.13377 -0.122034
v -0.0987606   0.13377  0.122034
v -0.0983563 -0.146235 -0.0913742
v -0.0983563 -0.146235 0.0913742
v -0.0983563 -0.0593064 -0.149575
v -0.0983563 -0.0593064  0.149575
v -0.0983563 0.0593064 -0.149575
v -0.0983563 0.0593064  0.149575
v -0.0983563  0.146235 -0.0913742
v -0.0983563  0.146235 0.0913742
v -0.0970815  -0.14434 -0.100603
v -0.0970815  -0.14434  0.100603
v -0.0970815 -0.0652961 -0.149575
v -0.0970815 -0.0652961  0.149575
v -0.0970815 0.0652961 -0.149575
v -0.0970815 0.0652961  0.149575
v -0.0970815   0.14434 -0.100603
v -0.0970815   0.14434  0.100603
v -0.096079 -0.110933 -0.140901
v -0.096079 -0.110933  0.140901
v -0.096079  0.110933 -0.140901
v -0.096079  0.110933  0.140901
v -0.0960447 -0.130091 -0.127637
v -0.0960447 -0.130091  0.127637
v -0.0960447 -0.0894639 -0.147156
v -0.0960447 -0.0894639  0.147156
v -0.0960447 0.0894639 -0.147156
v -0.0960447 0.0894639  0.147156
v -0.0960447  0.130091 -0.127637
v -0.0960447  0.130091  0.127637
v -0.0955116 -0.142005 -0.108643
v -0.0955116 -0.142005  0.108643
v -0.0955116 -0.0705149 -0.149575
v -0.0955116 -0.0705149  0.149575
v -0.0955116 0.0705149 -0.149575
v -0.0955116 0.0705149  0.149575
v -0.0955116  0.142005 -0.108643
v -0.0955116  0.142005  0.108643
v -0.0953048 -0.118801 -0.137026
v -0.0953048 -0.118801  0.137026
v -0.0953048 -0.102315  -0.14427
v -0.0953048 -0.102315   0.14427
v -0.0953048  0.102315  -0.14427
v -0.0953048  0.102315   0.14427
v -0.0953048  0.118801 -0.137026
v -0.0953048  0.118801  0.137026
v -0.0936384 -0.139221 -0.115736
v -0.0936384 -0.139221  0.115736
v -0.0936384 -0.0751187 -0.149575
v -0.0936384 -0.0751187  0.149575
v -0.0936384 0.0751187 -0.149575
v -0.0936384 0.0751187  0.149575
v -0.0936384  0.139221 -0.115736
v -0.0936384  0.139221  0.115736
v -0.0929546 -0.125906 -0.132617
v -0.0929546 -0.125906  0.132617
v -0.0929546 -0.0929546 -0.147156
v -0.0929546 -0.0929546  0.147156
v -0.0929546 0.0929546 -0.147156
v -0.0929546 0.0929546  0.147156
v -0.0929546  0.125906 -0.132617
v -0.0929546  0.125906  0.132617
v -0.0914514 -0.135969 -0.122034
v -0.0914514 -0.135969  0.122034
v -0.0914514 -0.079206 -0.149575
v -0.0914514 -0.079206  0.149575
v -0.0914514  0.079206 -0.149575
v -0.0914514  0.079206  0.149575
v -0.0914514  0.135969 -0.122034
v -0.0914514  0.135969  0.122034
v -0.0913742 -0.151539         0
v -0.0913742 -6.316e-09 -0.151539
v -0.0913742 -6.316e-09  0.151539
v -0.0913742  0.151539         0
v -0.0912474 -0.151329 -0.0493084
v -0.0912474 -0.151329 0.0493084
v -0.0912474 -0.0290679 -0.151539
v -0.0912474 -0.0290679  0.151539
v -0.0912474 0.0290679 -0.151539
v -0.0912474 0.0290679  0.151539
v -0.0912474  0.151329 -0.0493084
v -0.0912474  0.151329 0.0493084
v -0.091121 -0.113586 -0.140901
v -0.091121 -0.113586  0.140901
v -0.091121 -0.105209  -0.14427
v -0.091121 -0.105209   0.14427
v -0.091121  0.105209  -0.14427
v -0.091121  0.105209   0.14427
v -0.091121  0.113586 -0.140901
v -0.091121  0.113586  0.140901
v -0.0908663 -0.150697 -0.0672638
v -0.0908663 -0.150697 0.0672638
v -0.0908663 -0.0396528 -0.151539
v -0.0908663 -0.0396528  0.151539
v -0.0908663 0.0396528 -0.151539
v -0.0908663 0.0396528  0.151539
v -0.0908663  0.150697 -0.0672638
v -0.0908663  0.150697 0.0672638
v -0.0902294  -0.14964 -0.0805406
v -0.0902294  -0.14964 0.0805406
v -0.0902294 -0.0474796 -0.151539
v -0.0902294 -0.0474796  0.151539
v -0.0902294 0.0474796 -0.151539
v -0.0902294 0.0474796  0.151539
v -0.0902294   0.14964 -0.0805406
v -0.0902294   0.14964 0.0805406
v -0.0894639 -0.121178 -0.137026
v -0.0894639 -0.121178  0.137026
v -0.0894639 -0.0960447 -0.147156
v -0.0894639 -0.0960447  0.147156
v -0.0894639 0.0960447 -0.147156
v -0.0894639 0.0960447  0.147156
v -0.0894639  0.121178 -0.137026
v -0.0894639  0.121178  0.137026
v -0.089334 -0.148155 -0.0913742
v -0.089334 -0.148155 0.0913742
v -0.089334 -0.0538661 -0.151539
v -0.089334 -0.0538661  0.151539
v -0.089334 0.0538661 -0.151539
v -0.089334 0.0538661  0.151539
v -0.089334  0.148155 -0.0913742
v -0.089334  0.148155 0.0913742
v -0.0889365  -0.13223 -0.127637
v -0.0889365  -0.13223  0.127637
v -0.0889365 -0.0828428 -0.149575
v -0.0889365 -0.0828428  0.149575
v -0.0889365 0.0828428 -0.149575
v -0.0889365 0.0828428  0.149575
v -0.0889365   0.13223 -0.127637
v -0.0889365   0.13223  0.127637
v -0.0881761 -0.146235 -0.100603
v -0.0881761 -0.146235  0.100603
v -0.0881761 -0.0593064 -0.151539
v -0.0881761 -0.0593064  0.151539
v -0.0881761 0.0593064 -0.151539
v -0.0881761 0.0593064  0.151539
v -0.0881761  0.146235 -0.100603
v -0.0881761  0.146235  0.100603
v -0.0867501  -0.14387 -0.108643
v -0.0867501  -0.14387  0.108643
v -0.0867501 -0.0640464 -0.151539
v -0.0867501 -0.0640464  0.151539
v -0.0867501 0.0640464 -0.151539
v -0.0867501 0.0640464  0.151539
v -0.0867501   0.14387 -0.108643
v -0.0867501   0.14387  0.108643
v -0.0864188 -0.107725  -0.14427
v -0.0864188 -0.107725   0.14427
v -0.0864188  0.107725  -0.14427
v -0.0864188  0.107725   0.14427
v -0.0860752 -0.127976 -0.132617
v -0.0860752 -0.127976  0.132617
v -0.0860752 -0.0860752 -0.149575
v -0.0860752 -0.0860752  0.149575
v -0.0860752 0.0860752 -0.149575
v -0.0860752 0.0860752  0.149575
v -0.0860752  0.127976 -0.132617
v -0.0860752  0.127976  0.132617
v -0.0855364 -0.115858 -0.140901
v -0.0855364 -0.115858  0.140901
v -0.0855364 -0.0987606 -0.147156
v -0.0855364 -0.0987606  0.147156
v -0.0855364 0.0987606 -0.147156
v -0.0855364 0.0987606  0.147156
v -0.0855364  0.115858 -0.140901
v -0.0855364  0.115858  0.140901
v -0.0850488 -0.141049 -0.115736
v -0.0850488 -0.141049  0.115736
v -0.0850488 -0.0682279 -0.151539
v -0.0850488 -0.0682279  0.151539
v -0.0850488 0.0682279 -0.151539
v -0.0850488 0.0682279  0.151539
v -0.0850488  0.141049 -0.115736
v -0.0850488  0.141049  0.115736
v -0.0830624 -0.137754 -0.122034
v -0.0830624 -0.137754  0.122034
v -0.0830624 -0.0719403 -0.151539
v -0.0830624 -0.0719403  0.151539
v -0.0830624 0.0719403 -0.151539
v -0.0830624 0.0719403  0.151539
v -0.0830624  0.137754 -0.122034
v -0.0830624  0.137754  0.122034
v -0.0828428  -0.12317 -0.137026
v -0.0828428  -0.12317  0.137026
v -0.0828428 -0.0889365 -0.149575
v -0.0828428 -0.0889365  0.149575
v -0.0828428 0.0889365 -0.149575
v -0.0828428 0.0889365  0.149575
v -0.0828428   0.12317 -0.137026
v -0.0828428   0.12317  0.137026
v -0.0811224 -0.109879  -0.14427
v -0.0811224 -0.109879   0.14427
v -0.0811224 -0.101122 -0.147156
v -0.0811224 -0.101122  0.147156
v -0.0811224  0.101122 -0.147156
v -0.0811224  0.101122  0.147156
v -0.0811224  0.109879  -0.14427
v -0.0811224  0.109879   0.14427
v -0.0807782 -0.133966 -0.127637
v -0.0807782 -0.133966  0.127637
v -0.0807782 -0.0752435 -0.151539
v -0.0807782 -0.0752435  0.151539
v -0.0807782 0.0752435 -0.151539
v -0.0807782 0.0752435  0.151539
v -0.0807782  0.133966 -0.127637
v -0.0807782  0.133966  0.127637
v -0.0805406 -0.153058         0
v -0.0805406 -5.567e-09 -0.153058
v -0.0805406 -5.567e-09  0.153058
v -0.0805406  0.153058         0
v -0.0804288 -0.152845 -0.0493084
v -0.0804288 -0.152845 0.0493084
v -0.0804288 -0.0256215 -0.153058
v -0.0804288 -0.0256215  0.153058
v -0.0804288 0.0256215 -0.153058
v -0.0804288 0.0256215  0.153058
v -0.0804288  0.152845 -0.0493084
v -0.0804288  0.152845 0.0493084
v -0.0800929 -0.152207 -0.0672638
v -0.0800929 -0.152207 0.0672638
v -0.0800929 -0.0349514 -0.153058
v -0.0800929 -0.0349514  0.153058
v -0.0800929 0.0349514 -0.153058
v -0.0800929 0.0349514  0.153058
v -0.0800929  0.152207 -0.0672638
v -0.0800929  0.152207 0.0672638
v -0.0795315  -0.15114 -0.0805406
v -0.0795315  -0.15114 0.0805406
v -0.0795315 -0.0418503 -0.153058
v -0.0795315 -0.0418503  0.153058
v -0.0795315 0.0418503 -0.153058
v -0.0795315 0.0418503  0.153058
v -0.0795315   0.15114 -0.0805406
v -0.0795315   0.15114 0.0805406
v -0.079206 -0.117762 -0.140901
v -0.079206 -0.117762  0.140901
v -0.079206 -0.0914514 -0.149575
v -0.079206 -0.0914514  0.149575
v -0.079206 0.0914514 -0.149575
v -0.079206 0.0914514  0.149575
v -0.079206  0.117762 -0.140901
v -0.079206  0.117762  0.140901
v -0.0787423  -0.14964 -0.0913742
v -0.0787423  -0.14964 0.0913742
v -0.0787423 -0.0474796 -0.153058
v -0.0787423 -0.0474796  0.153058
v -0.0787423 0.0474796 -0.153058
v -0.0787423 0.0474796  0.153058
v -0.0787423   0.14964 -0.0913742
v -0.0787423   0.14964 0.0913742
v -0.0781793 -0.129656 -0.132617
v -0.0781793 -0.129656  0.132617
v -0.0781793 -0.0781793 -0.151539
v -0.0781793 -0.0781793  0.151539
v -0.0781793 0.0781793 -0.151539
v -0.0781793 0.0781793  0.151539
v -0.0781793  0.129656 -0.132617
v -0.0781793  0.129656  0.132617
v -0.0777216 -0.147701 -0.100603
v -0.0777216 -0.147701  0.100603
v -0.0777216 -0.0522749 -0.153058
v -0.0777216 -0.0522749  0.153058
v -0.0777216 0.0522749 -0.153058
v -0.0777216 0.0522749  0.153058
v -0.0777216  0.147701 -0.100603
v -0.0777216  0.147701  0.100603
v -0.0764648 -0.145312 -0.108643
v -0.0764648 -0.145312  0.108643
v -0.0764648 -0.0564529 -0.153058
v -0.0764648 -0.0564529  0.153058
v -0.0764648 0.0564529 -0.153058
v -0.0764648 0.0564529  0.153058
v -0.0764648  0.145312 -0.108643
v -0.0764648  0.145312  0.108643
v -0.0761507 -0.103145 -0.147156
v -0.0761507 -0.103145  0.147156
v -0.0761507  0.103145 -0.147156
v -0.0761507  0.103145  0.147156
v -0.0752435 -0.124787 -0.137026
v -0.0752435 -0.124787  0.137026
v -0.0752435 -0.0807782 -0.151539
v -0.0752435 -0.0807782  0.151539
v -0.0752435 0.0807782 -0.151539
v -0.0752435 0.0807782  0.151539
v -0.0752435  0.124787 -0.137026
v -0.0752435  0.124787  0.137026
v -0.0751187 -0.111686  -0.14427
v -0.0751187 -0.111686   0.14427
v -0.0751187 -0.0936384 -0.149575
v -0.0751187 -0.0936384  0.149575
v -0.0751187 0.0936384 -0.149575
v -0.0751187 0.0936384  0.149575
v -0.0751187  0.111686  -0.14427
v -0.0751187  0.111686   0.14427
v -0.0749652 -0.142462 -0.115736
v -0.0749652 -0.142462  0.115736
v -0.0749652 -0.0601386 -0.153058
v -0.0749652 -0.0601386  0.153058
v -0.0749652 0.0601386 -0.153058
v -0.0749652 0.0601386  0.153058
v -0.0749652  0.142462 -0.115736
v -0.0749652  0.142462  0.115736
v -0.0732143 -0.139135 -0.122034
v -0.0732143 -0.139135  0.122034
v -0.0732143 -0.0634108 -0.153058
v -0.0732143 -0.0634108  0.153058
v -0.0732143 0.0634108 -0.153058
v -0.0732143 0.0634108  0.153058
v -0.0732143  0.139135 -0.122034
v -0.0732143  0.139135  0.122034
v -0.0719403 -0.119309 -0.140901
v -0.0719403 -0.119309  0.140901
v -0.0719403 -0.0830624 -0.151539
v -0.0719403 -0.0830624  0.151539
v -0.0719403 0.0830624 -0.151539
v -0.0719403 0.0830624  0.151539
v -0.0719403  0.119309 -0.140901
v -0.0719403  0.119309  0.140901
v -0.0712009 -0.135309 -0.127637
v -0.0712009 -0.135309  0.127637
v -0.0712009 -0.0663224 -0.153058
v -0.0712009 -0.0663224  0.153058
v -0.0712009 0.0663224 -0.153058
v -0.0712009 0.0663224  0.153058
v -0.0712009  0.135309 -0.127637
v -0.0712009  0.135309  0.127637
v -0.0705149 -0.104841 -0.147156
v -0.0705149 -0.104841  0.147156
v -0.0705149 -0.0955116 -0.149575
v -0.0705149 -0.0955116  0.149575
v -0.0705149 0.0955116 -0.149575
v -0.0705149 0.0955116  0.149575
v -0.0705149  0.104841 -0.147156
v -0.0705149  0.104841  0.147156
v -0.0689102 -0.130956 -0.132617
v -0.0689102 -0.130956  0.132617
v -0.0689102 -0.0689102 -0.153058
v -0.0689102 -0.0689102  0.153058
v -0.0689102 0.0689102 -0.153058
v -0.0689102 0.0689102  0.153058
v -0.0689102  0.130956 -0.132617
v -0.0689102  0.130956  0.132617
v -0.0682279 -0.113152  -0.14427
v -0.0682279 -0.113152   0.14427
v -0.0682279 -0.0850488 -0.151539
v -0.0682279 -0.0850488  0.151539
v -0.0682279 0.0850488 -0.151539
v -0.0682279 0.0850488  0.151539
v -0.0682279  0.113152  -0.14427
v -0.0682279  0.113152   0.14427
v -0.0672638 -0.154138         0
v -0.0672638 -4.649e-09 -0.154138
v -0.0672638 -4.649e-09  0.154138
v -0.0672638  0.154138         0
v -0.0671704 -0.153924 -0.0493084
v -0.0671704 -0.153924 0.0493084
v -0.0671704 -0.0213979 -0.154138
v -0.0671704 -0.0213979  0.154138
v -0.0671704 0.0213979 -0.154138
v -0.0671704 0.0213979  0.154138
v -0.0671704  0.153924 -0.0493084
v -0.0671704  0.153924 0.0493084
v -0.0668899 -0.153281 -0.0672638
v -0.0668899 -0.153281 0.0672638
v -0.0668899 -0.0291898 -0.154138
v -0.0668899 -0.0291898  0.154138
v -0.0668899 0.0291898 -0.154138
v -0.0668899 0.0291898  0.154138
v -0.0668899  0.153281 -0.0672638
v -0.0668899  0.153281 0.0672638
v -0.066421 -0.152207 -0.0805406
v -0.066421 -0.152207 0.0805406
v -0.066421 -0.0349514 -0.154138
v -0.066421 -0.0349514  0.154138
v -0.066421 0.0349514 -0.154138
v -0.066421 0.0349514  0.154138
v -0.066421  0.152207 -0.0805406
v -0.066421  0.152207 0.0805406
v -0.0663224 -0.126038 -0.137026
v -0.0663224 -0.126038  0.137026
v -0.0663224 -0.0712009 -0.153058
v -0.0663224 -0.0712009  0.153058
v -0.0663224 0.0712009 -0.153058
v -0.0663224 0.0712009  0.153058
v -0.0663224  0.126038 -0.137026
v -0.0663224  0.126038  0.137026
v -0.0657619 -0.150697 -0.0913742
v -0.0657619 -0.150697 0.0913742
v -0.0657619 -0.0396528 -0.154138
v -0.0657619 -0.0396528  0.154138
v -0.0657619 0.0396528 -0.154138
v -0.0657619 0.0396528  0.154138
v -0.0657619  0.150697 -0.0913742
v -0.0657619  0.150697 0.0913742
v -0.0652961 -0.0970815 -0.149575
v -0.0652961 -0.0970815  0.149575
v -0.0652961 0.0970815 -0.149575
v -0.0652961 0.0970815  0.149575
v -0.0649095 -0.148743 -0.100603
v -0.0649095 -0.148743  0.100603
v -0.0649095 -0.0436575 -0.154138
v -0.0649095 -0.0436575  0.154138
v -0.0649095 0.0436575 -0.154138
v -0.0649095 0.0436575  0.154138
v -0.0649095  0.148743 -0.100603
v -0.0649095  0.148743  0.100603
v -0.0640464 -0.106217 -0.147156
v -0.0640464 -0.106217  0.147156
v -0.0640464 -0.0867501 -0.151539
v -0.0640464 -0.0867501  0.151539
v -0.0640464 0.0867501 -0.151539
v -0.0640464 0.0867501  0.151539
v -0.0640464  0.106217 -0.147156
v -0.0640464  0.106217  0.147156
v -0.0638598 -0.146338 -0.108643
v -0.0638598 -0.146338  0.108643
v -0.0638598 -0.0471468 -0.154138
v -0.0638598 -0.0471468  0.154138
v -0.0638598 0.0471468 -0.154138
v -0.0638598 0.0471468  0.154138
v -0.0638598  0.146338 -0.108643
v -0.0638598  0.146338  0.108643
v -0.0634108 -0.120505 -0.140901
v -0.0634108 -0.120505  0.140901
v -0.0634108 -0.0732143 -0.153058
v -0.0634108 -0.0732143  0.153058
v -0.0634108 0.0732143 -0.153058
v -0.0634108 0.0732143  0.153058
v -0.0634108  0.120505 -0.140901
v -0.0634108  0.120505  0.140901
v -0.0626074 -0.143468 -0.115736
v -0.0626074 -0.143468  0.115736
v -0.0626074 -0.050225 -0.154138
v -0.0626074 -0.050225  0.154138
v -0.0626074  0.050225 -0.154138
v -0.0626074  0.050225  0.154138
v -0.0626074  0.143468 -0.115736
v -0.0626074  0.143468  0.115736
v -0.0611452 -0.140117 -0.122034
v -0.0611452 -0.140117  0.122034
v -0.0611452 -0.0529578 -0.154138
v -0.0611452 -0.0529578  0.154138
v -0.0611452 0.0529578 -0.154138
v -0.0611452 0.0529578  0.154138
v -0.0611452  0.140117 -0.122034
v -0.0611452  0.140117  0.122034
v -0.0601386 -0.114286  -0.14427
v -0.0601386 -0.114286   0.14427
v -0.0601386 -0.0749652 -0.153058
v -0.0601386 -0.0749652  0.153058
v -0.0601386 0.0749652 -0.153058
v -0.0601386 0.0749652  0.153058
v -0.0601386  0.114286  -0.14427
v -0.0601386  0.114286   0.14427
v -0.0594637 -0.136264 -0.127637
v -0.0594637 -0.136264  0.127637
v -0.0594637 -0.0553894 -0.154138
v -0.0594637 -0.0553894  0.154138
v -0.0594637 0.0553894 -0.154138
v -0.0594637 0.0553894  0.154138
v -0.0594637  0.136264 -0.127637
v -0.0594637  0.136264  0.127637
v -0.0593064 -0.0983563 -0.149575
v -0.0593064 -0.0983563  0.149575
v -0.0593064 -0.0881761 -0.151539
v -0.0593064 -0.0881761  0.151539
v -0.0593064 0.0881761 -0.151539
v -0.0593064 0.0881761  0.151539
v -0.0593064 0.0983563 -0.149575
v -0.0593064 0.0983563  0.149575
v -0.0575506  -0.13188 -0.132617
v -0.0575506  -0.13188  0.132617
v -0.0575506 -0.0575506 -0.154138
v -0.0575506 -0.0575506  0.154138
v -0.0575506 0.0575506 -0.154138
v -0.0575506 0.0575506  0.154138
v -0.0575506   0.13188 -0.132617
v -0.0575506   0.13188  0.132617
v -0.0564529 -0.107282 -0.147156
v -0.0564529 -0.107282  0.147156
v -0.0564529 -0.0764648 -0.153058
v -0.0564529 -0.0764648  0.153058
v -0.0564529 0.0764648 -0.153058
v -0.0564529 0.0764648  0.153058
v -0.0564529  0.107282 -0.147156
v -0.0564529  0.107282  0.147156
v -0.0553894 -0.126927 -0.137026
v -0.0553894 -0.126927  0.137026
v -0.0553894 -0.0594637 -0.154138
v -0.0553894 -0.0594637  0.154138
v -0.0553894 0.0594637 -0.154138
v -0.0553894 0.0594637  0.154138
v -0.0553894  0.126927 -0.137026
v -0.0553894  0.126927  0.137026
v -0.0538661 -0.089334 -0.151539
v -0.0538661 -0.089334  0.151539
v -0.0538661  0.089334 -0.151539
v -0.0538661  0.089334  0.151539
v -0.0529578 -0.121355 -0.140901
v -0.0529578 -0.121355  0.140901
v -0.0529578 -0.0611452 -0.154138
v -0.0529578 -0.0611452  0.154138
v -0.0529578 0.0611452 -0.154138
v -0.0529578 0.0611452  0.154138
v -0.0529578  0.121355 -0.140901
v -0.0529578  0.121355  0.140901
v -0.0522749 -0.0993422 -0.149575
v -0.0522749 -0.0993422  0.149575
v -0.0522749 -0.0777216 -0.153058
v -0.0522749 -0.0777216  0.153058
v -0.0522749 0.0777216 -0.153058
v -0.0522749 0.0777216  0.153058
v -0.0522749 0.0993422 -0.149575
v -0.0522749 0.0993422  0.149575
v -0.050225 -0.115093  -0.14427
v -0.050225 -0.115093   0.14427
v -0.050225 -0.0626074 -0.154138
v -0.050225 -0.0626074  0.154138
v -0.050225 0.0626074 -0.154138
v -0.050225 0.0626074  0.154138
v -0.050225  0.115093  -0.14427
v -0.050225  0.115093   0.14427
v -0.0493084 -0.154785         0
v -0.0493084 -3.408e-09 -0.154785
v -0.0493084 -3.408e-09  0.154785
v -0.0493084  0.154785         0
v  -0.04924  -0.15457 -0.0493084
v  -0.04924  -0.15457 0.0493084
v  -0.04924 -0.0156859 -0.154785
v  -0.04924 -0.0156859  0.154785
v  -0.04924 0.0156859 -0.154785
v  -0.04924 0.0156859  0.154785
v  -0.04924   0.15457 -0.0493084
v  -0.04924   0.15457 0.0493084
v -0.0490343 -0.153924 -0.0672638
v -0.0490343 -0.153924 0.0672638
v -0.0490343 -0.0213979 -0.154785
v -0.0490343 -0.0213979  0.154785
v -0.0490343 0.0213979 -0.154785
v -0.0490343 0.0213979  0.154785
v -0.0490343  0.153924 -0.0672638
v -0.0490343  0.153924 0.0672638
v -0.0486906 -0.152845 -0.0805406
v -0.0486906 -0.152845 0.0805406
v -0.0486906 -0.0256215 -0.154785
v -0.0486906 -0.0256215  0.154785
v -0.0486906 0.0256215 -0.154785
v -0.0486906 0.0256215  0.154785
v -0.0486906  0.152845 -0.0805406
v -0.0486906  0.152845 0.0805406
v -0.0482074 -0.151329 -0.0913742
v -0.0482074 -0.151329 0.0913742
v -0.0482074 -0.0290679 -0.154785
v -0.0482074 -0.0290679  0.154785
v -0.0482074 0.0290679 -0.154785
v -0.0482074 0.0290679  0.154785
v -0.0482074  0.151329 -0.0913742
v -0.0482074  0.151329 0.0913742
v -0.0475826 -0.149367 -0.100603
v -0.0475826 -0.149367  0.100603
v -0.0475826 -0.0320036 -0.154785
v -0.0475826 -0.0320036  0.154785
v -0.0475826 0.0320036 -0.154785
v -0.0475826 0.0320036  0.154785
v -0.0475826  0.149367 -0.100603
v -0.0475826  0.149367  0.100603
v -0.0474796 -0.0902294 -0.151539
v -0.0474796 -0.0902294  0.151539
v -0.0474796 -0.0787423 -0.153058
v -0.0474796 -0.0787423  0.153058
v -0.0474796 0.0787423 -0.153058
v -0.0474796 0.0787423  0.153058
v -0.0474796 0.0902294 -0.151539
v -0.0474796 0.0902294  0.151539
v -0.0471468 -0.108039 -0.147156
v -0.0471468 -0.108039  0.147156
v -0.0471468 -0.0638598 -0.154138
v -0.0471468 -0.0638598  0.154138
v -0.0471468 0.0638598 -0.154138
v -0.0471468 0.0638598  0.154138
v -0.0471468  0.108039 -0.147156
v -0.0471468  0.108039  0.147156
v -0.0468131 -0.146952 -0.108643
v -0.0468131 -0.146952  0.108643
v -0.0468131 -0.0345615 -0.154785
v -0.0468131 -0.0345615  0.154785
v -0.0468131 0.0345615 -0.154785
v -0.0468131 0.0345615  0.154785
v -0.0468131  0.146952 -0.108643
v -0.0468131  0.146952  0.108643
v -0.045895  -0.14407 -0.115736
v -0.045895  -0.14407  0.115736
v -0.045895 -0.0368179 -0.154785
v -0.045895 -0.0368179  0.154785
v -0.045895 0.0368179 -0.154785
v -0.045895 0.0368179  0.154785
v -0.045895   0.14407 -0.115736
v -0.045895   0.14407  0.115736
v -0.0448231 -0.140705 -0.122034
v -0.0448231 -0.140705  0.122034
v -0.0448231 -0.0388213 -0.154785
v -0.0448231 -0.0388213  0.154785
v -0.0448231 0.0388213 -0.154785
v -0.0448231 0.0388213  0.154785
v -0.0448231  0.140705 -0.122034
v -0.0448231  0.140705  0.122034
v -0.0436575 -0.100043 -0.149575
v -0.0436575 -0.100043  0.149575
v -0.0436575 -0.0649095 -0.154138
v -0.0436575 -0.0649095  0.154138
v -0.0436575 0.0649095 -0.154138
v -0.0436575 0.0649095  0.154138
v -0.0436575  0.100043 -0.149575
v -0.0436575  0.100043  0.149575
v -0.0435905 -0.136836 -0.127637
v -0.0435905 -0.136836  0.127637
v -0.0435905 -0.0406038 -0.154785
v -0.0435905 -0.0406038  0.154785
v -0.0435905 0.0406038 -0.154785
v -0.0435905 0.0406038  0.154785
v -0.0435905  0.136836 -0.127637
v -0.0435905  0.136836  0.127637
v -0.042188 -0.132433 -0.132617
v -0.042188 -0.132433  0.132617
v -0.042188 -0.042188 -0.154785
v -0.042188 -0.042188  0.154785
v -0.042188  0.042188 -0.154785
v -0.042188  0.042188  0.154785
v -0.042188  0.132433 -0.132617
v -0.042188  0.132433  0.132617
v -0.0418503 -0.0795315 -0.153058
v -0.0418503 -0.0795315  0.153058
v -0.0418503 0.0795315 -0.153058
v -0.0418503 0.0795315  0.153058
v -0.0406038  -0.12746 -0.137026
v -0.0406038  -0.12746  0.137026
v -0.0406038 -0.0435905 -0.154785
v -0.0406038 -0.0435905  0.154785
v -0.0406038 0.0435905 -0.154785
v -0.0406038 0.0435905  0.154785
v -0.0406038   0.12746 -0.137026
v -0.0406038   0.12746  0.137026
v -0.0396528 -0.0908663 -0.151539
v -0.0396528 -0.0908663  0.151539
v -0.0396528 -0.0657619 -0.154138
v -0.0396528 -0.0657619  0.154138
v -0.0396528 0.0657619 -0.154138
v -0.0396528 0.0657619  0.154138
v -0.0396528 0.0908663 -0.151539
v -0.0396528 0.0908663  0.151539
v -0.0388213 -0.121864 -0.140901
v -0.0388213 -0.121864  0.140901
v -0.0388213 -0.0448231 -0.154785
v -0.0388213 -0.0448231  0.154785
v -0.0388213 0.0448231 -0.154785
v -0.0388213 0.0448231  0.154785
v -0.0388213  0.121864 -0.140901
v -0.0388213  0.121864  0.140901
v -0.0368179 -0.115576  -0.14427
v -0.0368179 -0.115576   0.14427
v -0.0368179 -0.045895 -0.154785
v -0.0368179 -0.045895  0.154785
v -0.0368179  0.045895 -0.154785
v -0.0368179  0.045895  0.154785
v -0.0368179  0.115576  -0.14427
v -0.0368179  0.115576   0.14427
v -0.0349514 -0.0800929 -0.153058
v -0.0349514 -0.0800929  0.153058
v -0.0349514 -0.066421 -0.154138
v -0.0349514 -0.066421  0.154138
v -0.0349514  0.066421 -0.154138
v -0.0349514  0.066421  0.154138
v -0.0349514 0.0800929 -0.153058
v -0.0349514 0.0800929  0.153058
v -0.0345615 -0.108492 -0.147156
v -0.0345615 -0.108492  0.147156
v -0.0345615 -0.0468131 -0.154785
v -0.0345615 -0.0468131  0.154785
v -0.0345615 0.0468131 -0.154785
v -0.0345615 0.0468131  0.154785
v -0.0345615  0.108492 -0.147156
v -0.0345615  0.108492  0.147156
v -0.0320036 -0.100463 -0.149575
v -0.0320036 -0.100463  0.149575
v -0.0320036 -0.0475826 -0.154785
v -0.0320036 -0.0475826  0.154785
v -0.0320036 0.0475826 -0.154785
v -0.0320036 0.0475826  0.154785
v -0.0320036  0.100463 -0.149575
v -0.0320036  0.100463  0.149575
v -0.0291898 -0.0668899 -0.154138
v -0.0291898 -0.0668899  0.154138
v -0.0291898 0.0668899 -0.154138
v -0.0291898 0.0668899  0.154138
v -0.0290679 -0.0912474 -0.151539
v -0.0290679 -0.0912474  0.151539
v -0.0290679 -0.0482074 -0.154785
v -0.0290679 -0.0482074  0.154785
v -0.0290679 0.0482074 -0.154785
v -0.0290679 0.0482074  0.154785
v -0.0290679 0.0912474 -0.151539
v -0.0290679 0.0912474  0.151539
v -0.0256215 -0.0804288 -0.153058
v -0.0256215 -0.0804288  0.153058
v -0.0256215 -0.0486906 -0.154785
v -0.0256215 -0.0486906  0.154785
v -0.0256215 0.0486906 -0.154785
v -0.0256215 0.0486906  0.154785
v -0.0256215 0.0804288 -0.153058
v -0.0256215 0.0804288  0.153058
v -0.0213979 -0.0671704 -0.154138
v -0.0213979 -0.0671704  0.154138
v -0.0213979 -0.0490343 -0.154785
v -0.0213979 -0.0490343  0.154785
v -0.0213979 0.0490343 -0.154785
v -0.0213979 0.0490343  0.154785
v -0.0213979 0.0671704 -0.154138
v -0.0213979 0.0671704  0.154138
v -0.0156859  -0.04924 -0.154785
v -0.0156859  -0.04924  0.154785
v -0.0156859   0.04924 -0.154785
v -0.0156859   0.04924  0.154785
v -7.843e-09        -0    -0.155
v -7.843e-09        -0     0.155
v -7.832e-09 -2.495e-09    -0.155
v -7.832e-09 -2.495e-09     0.155
v -7.832e-09 2.495e-09    -0.155
v -7.832e-09 2.495e-09     0.155
v -7.799e-09 -3.403e-09    -0.155
v -7.799e-09 -3.403e-09     0.155
v -7.799e-09 3.403e-09    -0.155
v -7.799e-09 3.403e-09     0.155
v -7.745e-09 -4.075e-09    -0.155
v -7.745e-09 -4.075e-09     0.155
v -7.745e-09 4.075e-09    -0.155
v -7.745e-09 4.075e-09     0.155
v -7.668e-09 -4.623e-09    -0.155
v -7.668e-09 -4.623e-09     0.155
v -7.668e-09 4.623e-09    -0.155
v -7.668e-09 4.623e-09     0.155
v -7.568e-09 -5.09e-09    -0.155
v -7.568e-09 -5.09e-09     0.155
v -7.568e-09  5.09e-09    -0.155
v -7.568e-09  5.09e-09     0.155
v -7.446e-09 -5.497e-09    -0.155
v -7.446e-09 -5.497e-09     0.155
v -7.446e-09 5.497e-09    -0.155
v -7.446e-09 5.497e-09     0.155
v  -7.3e-09 -5.856e-09    -0.155
v  -7.3e-09 -5.856e-09     0.155
v  -7.3e-09 5.856e-09    -0.155
v  -7.3e-09 5.856e-09     0.155
v -7.129e-09 -6.175e-09    -0.155
v -7.129e-09 -6.175e-09     0.155
v -7.129e-09 6.175e-09    -0.155
v -7.129e-09 6.175e-09     0.155
v -6.933e-09 -6.458e-09    -0.155
v -6.933e-09 -6.458e-09     0.155
v -6.933e-09 6.458e-09    -0.155
v -6.933e-09 6.458e-09     0.155
v -6.71e-09 -6.71e-09    -0.155
v -6.71e-09 -6.71e-09     0.155
v -6.71e-09  6.71e-09    -0.155
v -6.71e-09  6.71e-09     0.155
v -6.458e-09 -6.933e-09    -0.155
v -6.458e-09 -6.933e-09     0.155
v -6.458e-09 6.933e-09    -0.155
v -6.458e-09 6.933e-09     0.155
v -6.175e-09 -7.129e-09    -0.155
v -6.175e-09 -7.129e-09     0.155
v -6.175e-09 7.129e-09    -0.155
v -6.175e-09 7.129e-09     0.155
v -5.856e-09  -7.3e-09    -0.155
v -5.856e-09  -7.3e-09     0.155
v -5.856e-09   7.3e-09    -0.155
v -5.856e-09   7.3e-09     0.155
v -5.497e-09 -7.446e-09    -0.155
v -5.497e-09 -7.446e-09     0.155
v -5.497e-09 7.446e-09    -0.155
v -5.497e-09 7.446e-09     0.155
v -5.09e-09 -7.568e-09    -0.155
v -5.09e-09 -7.568e-09     0.155
v -5.09e-09 7.568e-09    -0.155
v -5.09e-09 7.568e-09     0.155
v -4.623e-09 -7.668e-09    -0.155
v -4.623e-09 -7.668e-09     0.155
v -4.623e-09 7.668e-09    -0.155
v -4.623e-09 7.668e-09     0.155
v -4.075e-09 -7.745e-09    -0.155
v -4.075e-09 -7.745e-09     0.155
v -4.075e-09 7.745e-09    -0.155
v -4.075e-09 7.745e-09     0.155
v -3.403e-09 -7.799e-09    -0.155
v -3.403e-09 -7.799e-09     0.155
v -3.403e-09 7.799e-09    -0.155
v -3.403e-09 7.799e-09     0.155
v -2.495e-09 -7.832e-09    -0.155
v -2.495e-09 -7.832e-09     0.155
v -2.495e-09 7.832e-09    -0.155
v -2.495e-09 7.832e-09     0.155
v         0 -7.843e-09    -0.155
v         0 -7.843e-09     0.155
v         0 7.843e-09    -0.155
v         0 7.843e-09     0.155
v 2.495e-09 -0.0493084 -0.154785
v 2.495e-09 -0.0493084  0.154785
v 2.495e-09 -7.832e-09    -0.155
v 2.495e-09 -7.832e-09     0.155
v 2.495e-09 7.832e-09    -0.155
v 2.495e-09 7.832e-09     0.155
v 2.495e-09 0.0493084 -0.154785
v 2.495e-09 0.0493084  0.154785
v 3.403e-09 -0.0672638 -0.154138
v 3.403e-09 -0.0672638  0.154138
v 3.403e-09 -7.799e-09    -0.155
v 3.403e-09 -7.799e-09     0.155
v 3.403e-09 7.799e-09    -0.155
v 3.403e-09 7.799e-09     0.155
v 3.403e-09 0.0672638 -0.154138
v 3.403e-09 0.0672638  0.154138
v 4.075e-09 -0.0805406 -0.153058
v 4.075e-09 -0.0805406  0.153058
v 4.075e-09 -7.745e-09    -0.155
v 4.075e-09 -7.745e-09     0.155
v 4.075e-09 7.745e-09    -0.155
v 4.075e-09 7.745e-09     0.155
v 4.075e-09 0.0805406 -0.153058
v 4.075e-09 0.0805406  0.153058
v 4.623e-09 -0.0913742 -0.151539
v 4.623e-09 -0.0913742  0.151539
v 4.623e-09 -7.668e-09    -0.155
v 4.623e-09 -7.668e-09     0.155
v 4.623e-09 7.668e-09    -0.155
v 4.623e-09 7.668e-09     0.155
v 4.623e-09 0.0913742 -0.151539
v 4.623e-09 0.0913742  0.151539
v  5.09e-09 -0.100603 -0.149575
v  5.09e-09 -0.100603  0.149575
v  5.09e-09 -7.568e-09    -0.155
v  5.09e-09 -7.568e-09     0.155
v  5.09e-09 7.568e-09    -0.155
v  5.09e-09 7.568e-09     0.155
v  5.09e-09  0.100603 -0.149575
v  5.09e-09  0.100603  0.149575
v 5.497e-09 -0.108643 -0.147156
v 5.497e-09 -0.108643  0.147156
v 5.497e-09 -7.446e-09    -0.155
v 5.497e-09 -7.446e-09     0.155
v 5.497e-09 7.446e-09    -0.155
v 5.497e-09 7.446e-09     0.155
v 5.497e-09  0.108643 -0.147156
v 5.497e-09  0.108643  0.147156
v 5.856e-09 -0.115736  -0.14427
v 5.856e-09 -0.115736   0.14427
v 5.856e-09  -7.3e-09    -0.155
v 5.856e-09  -7.3e-09     0.155
v 5.856e-09   7.3e-09    -0.155
v 5.856e-09   7.3e-09     0.155
v 5.856e-09  0.115736  -0.14427
v 5.856e-09  0.115736   0.14427
v 6.175e-09 -0.122034 -0.140901
v 6.175e-09 -0.122034  0.140901
v 6.175e-09 -7.129e-09    -0.155
v 6.175e-09 -7.129e-09     0.155
v 6.175e-09 7.129e-09    -0.155
v 6.175e-09 7.129e-09     0.155
v 6.175e-09  0.122034 -0.140901
v 6.175e-09  0.122034  0.140901
v 6.458e-09 -0.127637 -0.137026
v 6.458e-09 -0.127637  0.137026
v 6.458e-09 -6.933e-09    -0.155
v 6.458e-09 -6.933e-09     0.155
v 6.458e-09 6.933e-09    -0.155
v 6.458e-09 6.933e-09     0.155
v 6.458e-09  0.127637 -0.137026
v 6.458e-09  0.127637  0.137026
v  6.71e-09 -0.132617 -0.132617
v  6.71e-09 -0.132617  0.132617
v  6.71e-09 -6.71e-09    -0.155
v  6.71e-09 -6.71e-09     0.155
v  6.71e-09  6.71e-09    -0.155
v  6.71e-09  6.71e-09     0.155
v  6.71e-09  0.132617 -0.132617
v  6.71e-09  0.132617  0.132617
v 6.933e-09 -0.137026 -0.127637
v 6.933e-09 -0.137026  0.127637
v 6.933e-09 -6.458e-09    -0.155
v 6.933e-09 -6.458e-09     0.155
v 6.933e-09 6.458e-09    -0.155
v 6.933e-09 6.458e-09     0.155
v 6.933e-09  0.137026 -0.127637
v 6.933e-09  0.137026  0.127637
v 7.129e-09 -0.140901 -0.122034
v 7.129e-09 -0.140901  0.122034
v 7.129e-09 -6.175e-09    -0.155
v 7.129e-09 -6.175e-09     0.155
v 7.129e-09 6.175e-09    -0.155
v 7.129e-09 6.175e-09     0.155
v 7.129e-09  0.140901 -0.122034
v 7.129e-09  0.140901  0.122034
v   7.3e-09  -0.14427 -0.115736
v   7.3e-09  -0.14427  0.115736
v   7.3e-09 -5.856e-09    -0.155
v   7.3e-09 -5.856e-09     0.155
v   7.3e-09 5.856e-09    -0.155
v   7.3e-09 5.856e-09     0.155
v   7.3e-09   0.14427 -0.115736
v   7.3e-09   0.14427  0.115736
v 7.446e-09 -0.147156 -0.108643
v 7.446e-09 -0.147156  0.108643
v 7.446e-09 -5.497e-09    -0.155
v 7.446e-09 -5.497e-09     0.155
v 7.446e-09 5.497e-09    -0.155
v 7.446e-09 5.497e-09     0.155
v 7.446e-09  0.147156 -0.108643
v 7.446e-09  0.147156  0.108643
v 7.568e-09 -0.149575 -0.100603
v 7.568e-09 -0.149575  0.100603
v 7.568e-09 -5.09e-09    -0.155
v 7.568e-09 -5.09e-09     0.155
v 7.568e-09  5.09e-09    -0.155
v 7.568e-09  5.09e-09     0.155
v 7.568e-09  0.149575 -0.100603
v 7.568e-09  0.149575  0.100603
v 7.668e-09 -0.151539 -0.0913742
v 7.668e-09 -0.151539 0.0913742
v 7.668e-09 -4.623e-09    -0.155
v 7.668e-09 -4.623e-09     0.155
v 7.668e-09 4.623e-09    -0.155
v 7.668e-09 4.623e-09     0.155
v 7.668e-09  0.151539 -0.0913742
v 7.668e-09  0.151539 0.0913742
v 7.745e-09 -0.153058 -0.0805406
v 7.745e-09 -0.153058 0.0805406
v 7.745e-09 -4.075e-09    -0.155
v 7.745e-09 -4.075e-09     0.155
v 7.745e-09 4.075e-09    -0.155
v 7.745e-09 4.075e-09     0.155
v 7.745e-09  0.153058 -0.0805406
v 7.745e-09  0.153058 0.0805406
v 7.799e-09 -0.154138 -0.0672638
v 7.799e-09 -0.154138 0.0672638
v 7.799e-09 -3.403e-09    -0.155
v 7.799e-09 -3.403e-09     0.155
v 7.799e-09 3.403e-09    -0.155
v 7.799e-09 3.403e-09     0.155
v 7.799e-09  0.154138 -0.0672638
v 7.799e-09  0.154138 0.0672638
v 7.832e-09 -0.154785 -0.0493084
v 7.832e-09 -0.154785 0.0493084
v 7.832e-09 -2.495e-09    -0.155
v 7.832e-09 -2.495e-09     0.155
v 7.832e-09 2.495e-09    -0.155
v 7.832e-09 2.495e-09     0.155
v 7.832e-09  0.154785 -0.0493084
v 7.832e-09  0.154785 0.0493084
v 7.843e-09    -0.155         0
v 7.843e-09         0    -0.155
v 7.843e-09         0     0.155
v 7.843e-09     0.155         0
v 0.0156859  -0.04924 -0.154785
v 0.0156859  -0.04924  0.154785
v 0.0156859   0.04924 -0.154785
v 0.0156859   0.04924  0.154785
v 0.0213979 -0.0671704 -0.154138
v 0.0213979 -0.0671704  0.154138
v 0.0213979 -0.0490343 -0.154785
v 0.0213979 -0.0490343  0.154785
v 0.0213979 0.0490343 -0.154785
v 0.0213979 0.0490343  0.154785
v 0.0213979 0.0671704 -0.154138
v 0.0213979 0.0671704  0.154138
v 0.0256215 -0.0804288 -0.153058
v 0.0256215 -0.0804288  0.153058
v 0.0256215 -0.0486906 -0.154785
v 0.0256215 -0.0486906  0.154785
v 0.0256215 0.0486906 -0.154785
v 0.0256215 0.0486906  0.154785
v 0.0256215 0.0804288 -0.153058
v 0.0256215 0.0804288  0.153058
v 0.0290679 -0.0912474 -0.151539
v 0.0290679 -0.0912474  0.151539
v 0.0290679 -0.0482074 -0.154785
v 0.0290679 -0.0482074  0.154785
v 0.0290679 0.0482074 -0.154785
v 0.0290679 0.0482074  0.154785
v 0.0290679 0.0912474 -0.151539
v 0.0290679 0.0912474  0.151539
v 0.0291898 -0.0668899 -0.154138
v 0.0291898 -0.0668899  0.154138
v 0.0291898 0.0668899 -0.154138
v 0.0291898 0.0668899  0.154138
v 0.0320036 -0.100463 -0.149575
v 0.0320036 -0.100463  0.149575
v 0.0320036 -0.0475826 -0.154785
v 0.0320036 -0.0475826  0.154785
v 0.0320036 0.0475826 -0.154785
v 0.0320036 0.0475826  0.154785
v 0.0320036  0.100463 -0.149575
v 0.0320036  0.100463  0.149575
v 0.0345615 -0.108492 -0.147156
v 0.0345615 -0.108492  0.147156
v 0.0345615 -0.0468131 -0.154785
v 0.0345615 -0.0468131  0.154785
v 0.0345615 0.0468131 -0.154785
v 0.0345615 0.0468131  0.154785
v 0.0345615  0.108492 -0.147156
v 0.0345615  0.108492  0.147156
v 0.0349514 -0.0800929 -0.153058
v 0.0349514 -0.0800929  0.153058
v 0.0349514 -0.066421 -0.154138
v 0.0349514 -0.066421  0.154138
v 0.0349514  0.066421 -0.154138
v 0.0349514  0.066421  0.154138
v 0.0349514 0.0800929 -0.153058
v 0.0349514 0.0800929  0.153058
v 0.0368179 -0.115576  -0.14427
v 0.0368179 -0.115576   0.14427
v 0.0368179 -0.045895 -0.154785
v 0.0368179 -0.045895  0.154785
v 0.0368179  0.045895 -0.154785
v 0.0368179  0.045895  0.154785
v 0.0368179  0.115576  -0.14427
v 0.0368179  0.115576   0.14427
v 0.0388213 -0.121864 -0.140901
v 0.0388213 -0.121864  0.140901
v 0.0388213 -0.0448231 -0.154785
v 0.0388213 -0.0448231  0.154785
v 0.0388213 0.0448231 -0.154785
v 0.0388213 0.0448231  0.154785
v 0.0388213  0.121864 -0.140901
v 0.0388213  0.121864  0.140901
v 0.0396528 -0.0908663 -0.151539
v 0.0396528 -0.0908663  0.151539
v 0.0396528 -0.0657619 -0.154138
v 0.0396528 -0.0657619  0.154138
v 0.0396528 0.0657619 -0.154138
v 0.0396528 0.0657619  0.154138
v 0.0396528 0.0908663 -0.151539
v 0.0396528 0.0908663  0.151539
v 0.0406038  -0.12746 -0.137026
v 0.0406038  -0.12746  0.137026
v 0.0406038 -0.0435905 -0.154785
v 0.0406038 -0.0435905  0.154785
v 0.0406038 0.0435905 -0.154785
v 0.0406038 0.0435905  0.154785
v 0.0406038   0.12746 -0.137026
v 0.0406038   0.12746  0.137026
v 0.0418503 -0.0795315 -0.153058
v 0.0418503 -0.0795315  0.153058
v 0.0418503 0.0795315 -0.153058
v 0.0418503 0.0795315  0.153058
v  0.042188 -0.132433 -0.132617
v  0.042188 -0.132433  0.132617
v  0.042188 -0.042188 -0.154785
v  0.042188 -0.042188  0.154785
v  0.042188  0.042188 -0.154785
v  0.042188  0.042188  0.154785
v  0.042188  0.132433 -0.132617
v  0.042188  0.132433  0.132617
v 0.0435905 -0.136836 -0.127637
v 0.0435905 -0.136836  0.127637
v 0.0435905 -0.0406038 -0.154785
v 0.0435905 -0.0406038  0.154785
v 0.0435905 0.0406038 -0.154785
v 0.0435905 0.0406038  0.154785
v 0.0435905  0.136836 -0.127637
v 0.0435905  0.136836  0.127637
v 0.0436575 -0.100043 -0.149575
v 0.0436575 -0.100043  0.149575
v 0.0436575 -0.0649095 -0.154138
v 0.0436575 -0.0649095  0.154138
v 0.0436575 0.0649095 -0.154138
v 0.0436575 0.0649095  0.154138
v 0.0436575  0.100043 -0.149575
v 0.0436575  0.100043  0.149575
v 0.0448231 -0.140705 -0.122034
v 0.0448231 -0.140705  0.122034
v 0.0448231 -0.0388213 -0.154785
v 0.0448231 -0.0388213  0.154785
v 0.0448231 0.0388213 -0.154785
v 0.0448231 0.0388213  0.154785
v 0.0448231  0.140705 -0.122034
v 0.0448231  0.140705  0.122034
v  0.045895  -0.14407 -0.115736
v  0.045895  -0.14407  0.115736
v  0.045895 -0.0368179 -0.154785
v  0.045895 -0.0368179  0.154785
v  0.045895 0.0368179 -0.154785
v  0.045895 0.0368179  0.154785
v  0.045895   0.14407 -0.115736
v  0.045895   0.14407  0.115736
v 0.0468131 -0.146952 -0.108643
v 0.0468131 -0.146952  0.108643
v 0.0468131 -0.0345615 -0.154785
v 0.0468131 -0.0345615  0.154785
v 0.0468131 0.0345615 -0.154785
v 0.0468131 0.0345615  0.154785
v 0.0468131  0.146952 -0.108643
v 0.0468131  0.146952  0.108643
v 0.0471468 -0.108039 -0.147156
v 0.0471468 -0.108039  0.147156
v 0.0471468 -0.0638598 -0.154138
v 0.0471468 -0.0638598  0.154138
v 0.0471468 0.0638598 -0.154138
v 0.0471468 0.0638598  0.154138
v 0.0471468  0.108039 -0.147156
v 0.0471468  0.108039  0.147156
v 0.0474796 -0.0902294 -0.151539
v 0.0474796 -0.0902294  0.151539
v 0.0474796 -0.0787423 -0.153058
v 0.0474796 -0.0787423  0.153058
v 0.0474796 0.0787423 -0.153058
v 0.0474796 0.0787423  0.153058
v 0.0474796 0.0902294 -0.151539
v 0.0474796 0.0902294  0.151539
v 0.0475826 -0.149367 -0.100603
v 0.0475826 -0.149367  0.100603
v 0.0475826 -0.0320036 -0.154785
v 0.0475826 -0.0320036  0.154785
v 0.0475826 0.0320036 -0.154785
v 0.0475826 0.0320036  0.154785
v 0.0475826  0.149367 -0.100603
v 0.0475826  0.149367  0.100603
v 0.0482074 -0.151329 -0.0913742
v 0.0482074 -0.151329 0.0913742
v 0.0482074 -0.0290679 -0.154785
v 0.0482074 -0.0290679  0.154785
v 0.0482074 0.0290679 -0.154785
v 0.0482074 0.0290679  0.154785
v 0.0482074  0.151329 -0.0913742
v 0.0482074  0.151329 0.0913742
v 0.0486906 -0.152845 -0.0805406
v 0.0486906 -0.152845 0.0805406
v 0.0486906 -0.0256215 -0.154785
v 0.0486906 -0.0256215  0.154785
v 0.0486906 0.0256215 -0.154785
v 0.0486906 0.0256215  0.154785
v 0.0486906  0.152845 -0.0805406
v 0.0486906  0.152845 0.0805406
v 0.0490343 -0.153924 -0.0672638
v 0.0490343 -0.153924 0.0672638
v 0.0490343 -0.0213979 -0.154785
v 0.0490343 -0.0213979  0.154785
v 0.0490343 0.0213979 -0.154785
v 0.0490343 0.0213979  0.154785
v 0.0490343  0.153924 -0.0672638
v 0.0490343  0.153924 0.0672638
v   0.04924  -0.15457 -0.0493084
v   0.04924  -0.15457 0.0493084
v   0.04924 -0.0156859 -0.154785
v   0.04924 -0.0156859  0.154785
v   0.04924 0.0156859 -0.154785
v   0.04924 0.0156859  0.154785
v   0.04924   0.15457 -0.0493084
v   0.04924   0.15457 0.0493084
v 0.0493084 -0.154785         0
v 0.0493084         0 -0.154785
v 0.0493084         0  0.154785
v 0.0493084  0.154785         0
v  0.050225 -0.115093  -0.14427
v  0.050225 -0.115093   0.14427
v  0.050225 -0.0626074 -0.154138
v  0.050225 -0.0626074  0.154138
v  0.050225 0.0626074 -0.154138
v  0.050225 0.0626074  0.154138
v  0.050225  0.115093  -0.14427
v  0.050225  0.115093   0.14427
v 0.0522749 -0.0993422 -0.149575
v 0.0522749 -0.0993422  0.149575
v 0.0522749 -0.0777216 -0.153058
v 0.0522749 -0.0777216  0.153058
v 0.0522749 0.0777216 -0.153058
v 0.0522749 0.0777216  0.153058
v 0.0522749 0.0993422 -0.149575
v 0.0522749 0.0993422  0.149575
v 0.0529578 -0.121355 -0.140901
v 0.0529578 -0.121355  0.140901
v 0.0529578 -0.0611452 -0.154138
v 0.0529578 -0.0611452  0.154138
v 0.0529578 0.0611452 -0.154138
v 0.0529578 0.0611452  0.154138
v 0.0529578  0.121355 -0.140901
v 0.0529578  0.121355  0.140901
v 0.0538661 -0.089334 -0.151539
v 0.0538661 -0.089334  0.151539
v 0.0538661  0.089334 -0.151539
v 0.0538661  0.089334  0.151539
v 0.0553894 -0.126927 -0.137026
v 0.0553894 -0.126927  0.137026
v 0.0553894 -0.0594637 -0.154138
v 0.0553894 -0.0594637  0.154138
v 0.0553894 0.0594637 -0.154138
v 0.0553894 0.0594637  0.154138
v 0.0553894  0.126927 -0.137026
v 0.0553894  0.126927  0.137026
v 0.0564529 -0.107282 -0.147156
v 0.0564529 -0.107282  0.147156
v 0.0564529 -0.0764648 -0.153058
v 0.0564529 -0.0764648  0.153058
v 0.0564529 0.0764648 -0.153058
v 0.0564529 0.0764648  0.153058
v 0.0564529  0.107282 -0.147156
v 0.0564529  0.107282  0.147156
v 0.0575506  -0.13188 -0.132617
v 0.0575506  -0.13188  0.132617
v 0.0575506 -0.0575506 -0.154138
v 0.0575506 -0.0575506  0.154138
v 0.0575506 0.0575506 -0.154138
v 0.0575506 0.0575506  0.154138
v 0.0575506   0.13188 -0.132617
v 0.0575506   0.13188  0.132617
v 0.0593064 -0.0983563 -0.149575
v 0.0593064 -0.0983563  0.149575
v 0.0593064 -0.0881761 -0.151539
v 0.0593064 -0.0881761  0.151539
v 0.0593064 0.0881761 -0.151539
v 0.0593064 0.0881761  0.151539
v 0.0593064 0.0983563 -0.149575
v 0.0593064 0.0983563  0.149575
v 0.0594637 -0.136264 -0.127637
v 0.0594637 -0.136264  0.127637
v 0.0594637 -0.0553894 -0.154138
v 0.0594637 -0.0553894  0.154138
v 0.0594637 0.0553894 -0.154138
v 0.0594637 0.0553894  0.154138
v 0.0594637  0.136264 -0.127637
v 0.0594637  0.136264  0.127637
v 0.0601386 -0.114286  -0.14427
v 0.0601386 -0.114286   0.14427
v 0.0601386 -0.0749652 -0.153058
v 0.0601386 -0.0749652  0.153058
v 0.0601386 0.0749652 -0.153058
v 0.0601386 0.0749652  0.153058
v 0.0601386  0.114286  -0.14427
v 0.0601386  0.114286   0.14427
v 0.0611452 -0.140117 -0.122034
v 0.0611452 -0.140117  0.122034
v 0.0611452 -0.0529578 -0.154138
v 0.0611452 -0.0529578  0.154138
v 0.0611452 0.0529578 -0.154138
v 0.0611452 0.0529578  0.154138
v 0.0611452  0.140117 -0.122034
v 0.0611452  0.140117  0.122034
v 0.0626074 -0.143468 -0.115736
v 0.0626074 -0.143468  0.115736
v 0.0626074 -0.050225 -0.154138
v 0.0626074 -0.050225  0.154138
v 0.0626074  0.050225 -0.154138
v 0.0626074  0.050225  0.154138
v 0.0626074  0.143468 -0.115736
v 0.0626074  0.143468  0.115736
v 0.0634108 -0.120505 -0.140901
v 0.0634108 -0.120505  0.140901
v 0.0634108 -0.0732143 -0.153058
v 0.0634108 -0.0732143  0.153058
v 0.0634108 0.0732143 -0.153058
v 0.0634108 0.0732143  0.153058
v 0.0634108  0.120505 -0.140901
v 0.0634108  0.120505  0.140901
v 0.0638598 -0.146338 -0.108643
v 0.0638598 -0.146338  0.108643
v 0.0638598 -0.0471468 -0.154138
v 0.0638598 -0.0471468  0.154138
v 0.0638598 0.0471468 -0.154138
v 0.0638598 0.0471468  0.154138
v 0.0638598  0.146338 -0.108643
v 0.0638598  0.146338  0.108643
v 0.0640464 -0.106217 -0.147156
v 0.0640464 -0.106217  0.147156
v 0.0640464 -0.0867501 -0.151539
v 0.0640464 -0.0867501  0.151539
v 0.0640464 0.0867501 -0.151539
v 0.0640464 0.0867501  0.151539
v 0.0640464  0.106217 -0.147156
v 0.0640464  0.106217  0.147156
v 0.0649095 -0.148743 -0.100603
v 0.0649095 -0.148743  0.100603
v 0.0649095 -0.0436575 -0.154138
v 0.0649095 -0.0436575  0.154138
v 0.0649095 0.0436575 -0.154138
v 0.0649095 0.0436575  0.154138
v 0.0649095  0.148743 -0.100603
v 0.0649095  0.148743  0.100603
v 0.0652961 -0.0970815 -0.149575
v 0.0652961 -0.0970815  0.149575
v 0.0652961 0.0970815 -0.149575
v 0.0652961 0.0970815  0.149575
v 0.0657619 -0.150697 -0.0913742
v 0.0657619 -0.150697 0.0913742
v 0.0657619 -0.0396528 -0.154138
v 0.0657619 -0.0396528  0.154138
v 0.0657619 0.0396528 -0.154138
v 0.0657619 0.0396528  0.154138
v 0.0657619  0.150697 -0.0913742
v 0.0657619  0.150697 0.0913742
v 0.0663224 -0.126038 -0.137026
v 0.0663224 -0.126038  0.137026
v 0.0663224 -0.0712009 -0.153058
v 0.0663224 -0.0712009  0.153058
v 0.0663224 0.0712009 -0.153058
v 0.0663224 0.0712009  0.153058
v 0.0663224  0.126038 -0.137026
v 0.0663224  0.126038  0.137026
v  0.066421 -0.152207 -0.0805406
v  0.066421 -0.152207 0.0805406
v  0.066421 -0.0349514 -0.154138
v  0.066421 -0.0349514  0.154138
v  0.066421 0.0349514 -0.154138
v  0.066421 0.0349514  0.154138
v  0.066421  0.152207 -0.0805406
v  0.066421  0.152207 0.0805406
v 0.0668899 -0.153281 -0.0672638
v 0.0668899 -0.153281 0.0672638
v 0.0668899 -0.0291898 -0.154138
v 0.0668899 -0.0291898  0.154138
v 0.0668899 0.0291898 -0.154138
v 0.0668899 0.0291898  0.154138
v 0.0668899  0.153281 -0.0672638
v 0.0668899  0.153281 0.0672638
v 0.0671704 -0.153924 -0.0493084
v 0.0671704 -0.153924 0.0493084
v 0.0671704 -0.0213979 -0.154138
v 0.0671704 -0.0213979  0.154138
v 0.0671704 0.0213979 -0.154138
v 0.0671704 0.0213979  0.154138
v 0.0671704  0.153924 -0.0493084
v 0.0671704  0.153924 0.0493084
v 0.0672638 -0.154138         0
v 0.0672638         0 -0.154138
v 0.0672638         0  0.154138
v 0.0672638  0.154138         0
v 0.0682279 -0.113152  -0.14427
v 0.0682279 -0.113152   0.14427
v 0.0682279 -0.0850488 -0.151539
v 0.0682279 -0.0850488  0.151539
v 0.0682279 0.0850488 -0.151539
v 0.0682279 0.0850488  0.151539
v 0.0682279  0.113152  -0.14427
v 0.0682279  0.113152   0.14427
v 0.0689102 -0.130956 -0.132617
v 0.0689102 -0.130956  0.132617
v 0.0689102 -0.0689102 -0.153058
v 0.0689102 -0.0689102  0.153058
v 0.0689102 0.0689102 -0.153058
v 0.0689102 0.0689102  0.153058
v 0.0689102  0.130956 -0.132617
v 0.0689102  0.130956  0.132617
v 0.0705149 -0.104841 -0.147156
v 0.0705149 -0.104841  0.147156
v 0.0705149 -0.0955116 -0.149575
v 0.0705149 -0.0955116  0.149575
v 0.0705149 0.0955116 -0.149575
v 0.0705149 0.0955116  0.149575
v 0.0705149  0.104841 -0.147156
v 0.0705149  0.104841  0.147156
v 0.0712009 -0.135309 -0.127637
v 0.0712009 -0.135309  0.127637
v 0.0712009 -0.0663224 -0.153058
v 0.0712009 -0.0663224  0.153058
v 0.0712009 0.0663224 -0.153058
v 0.0712009 0.0663224  0.153058
v 0.0712009  0.135309 -0.127637
v 0.0712009  0.135309  0.127637
v 0.0719403 -0.119309 -0.140901
v 0.0719403 -0.119309  0.140901
v 0.0719403 -0.0830624 -0.151539
v 0.0719403 -0.0830624  0.151539
v 0.0719403 0.0830624 -0.151539
v 0.0719403 0.0830624  0.151539
v 0.0719403  0.119309 -0.140901
v 0.0719403  0.119309  0.140901
v 0.0732143 -0.139135 -0.122034
v 0.0732143 -0.139135  0.122034
v 0.0732143 -0.0634108 -0.153058
v 0.0732143 -0.0634108  0.153058
v 0.0732143 0.0634108 -0.153058
v 0.0732143 0.0634108  0.153058
v 0.0732143  0.139135 -0.122034
v 0.0732143  0.139135  0.122034
v 0.0749652 -0.142462 -0.115736
v 0.0749652 -0.142462  0.115736
v 0.0749652 -0.0601386 -0.153058
v 0.0749652 -0.0601386  0.153058
v 0.0749652 0.0601386 -0.153058
v 0.0749652 0.0601386  0.153058
v 0.0749652  0.142462 -0.115736
v 0.0749652  0.142462  0.115736
v 0.0751187 -0.111686  -0.14427
v 0.0751187 -0.111686   0.14427
v 0.0751187 -0.0936384 -0.149575
v 0.0751187 -0.0936384  0.149575
v 0.0751187 0.0936384 -0.149575
v 0.0751187 0.0936384  0.149575
v 0.0751187  0.111686  -0.14427
v 0.0751187  0.111686   0.14427
v 0.0752435 -0.124787 -0.137026
v 0.0752435 -0.124787  0.137026
v 0.0752435 -0.0807782 -0.151539
v 0.0752435 -0.0807782  0.151539
v 0.0752435 0.0807782 -0.151539
v 0.0752435 0.0807782  0.151539
v 0.0752435  0.124787 -0.137026
v 0.0752435  0.124787  0.137026
v 0.0761507 -0.103145 -0.147156
v 0.0761507 -0.103145  0.147156
v 0.0761507  0.103145 -0.147156
v 0.0761507  0.103145  0.147156
v 0.0764648 -0.145312 -0.108643
v 0.0764648 -0.145312  0.108643
v 0.0764648 -0.0564529 -0.153058
v 0.0764648 -0.0564529  0.153058
v 0.0764648 0.0564529 -0.153058
v 0.0764648 0.0564529  0.153058
v 0.0764648  0.145312 -0.108643
v 0.0764648  0.145312  0.108643
v 0.0777216 -0.147701 -0.100603
v 0.0777216 -0.147701  0.100603
v 0.0777216 -0.0522749 -0.153058
v 0.0777216 -0.0522749  0.153058
v 0.0777216 0.0522749 -0.153058
v 0.0777216 0.0522749  0.153058
v 0.0777216  0.147701 -0.100603
v 0.0777216  0.147701  0.100603
v 0.0781793 -0.129656 -0.132617
v 0.0781793 -0.129656  0.132617
v 0.0781793 -0.0781793 -0.151539
v 0.0781793 -0.0781793  0.151539
v 0.0781793 0.0781793 -0.151539
v 0.0781793 0.0781793  0.151539
v 0.0781793  0.129656 -0.132617
v 0.0781793  0.129656  0.132617
v 0.0787423  -0.14964 -0.0913742
v 0.0787423  -0.14964 0.0913742
v 0.0787423 -0.0474796 -0.153058
v 0.0787423 -0.0474796  0.153058
v 0.0787423 0.0474796 -0.153058
v 0.0787423 0.0474796  0.153058
v 0.0787423   0.14964 -0.0913742
v 0.0787423   0.14964 0.0913742
v  0.079206 -0.117762 -0.140901
v  0.079206 -0.117762  0.140901
v  0.079206 -0.0914514 -0.149575
v  0.079206 -0.0914514  0.149575
v  0.079206 0.0914514 -0.149575
v  0.079206 0.0914514  0.149575
v  0.079206  0.117762 -0.140901
v  0.079206  0.117762  0.140901
v 0.0795315  -0.15114 -0.0805406
v 0.0795315  -0.15114 0.0805406
v 0.0795315 -0.0418503 -0.153058
v 0.0795315 -0.0418503  0.153058
v 0.0795315 0.0418503 -0.153058
v 0.0795315 0.0418503  0.153058
v 0.0795315   0.15114 -0.0805406
v 0.0795315   0.15114 0.0805406
v 0.0800929 -0.152207 -0.0672638
v 0.0800929 -0.152207 0.0672638
v 0.0800929 -0.0349514 -0.153058
v 0.0800929 -0.0349514  0.153058
v 0.0800929 0.0349514 -0.153058
v 0.0800929 0.0349514  0.153058
v 0.0800929  0.152207 -0.0672638
v 0.0800929  0.152207 0.0672638
v 0.0804288 -0.152845 -0.0493084
v 0.0804288 -0.152845 0.0493084
v 0.0804288 -0.0256215 -0.153058
v 0.0804288 -0.0256215  0.153058
v 0.0804288 0.0256215 -0.153058
v 0.0804288 0.0256215  0.153058
v 0.0804288  0.152845 -0.0493084
v 0.0804288  0.152845 0.0493084
v 0.0805406 -0.153058         0
v 0.0805406         0 -0.153058
v 0.0805406         0  0.153058
v 0.0805406  0.153058         0
v 0.0807782 -0.133966 -0.127637
v 0.0807782 -0.133966  0.127637
v 0.0807782 -0.0752435 -0.151539
v 0.0807782 -0.0752435  0.151539
v 0.0807782 0.0752435 -0.151539
v 0.0807782 0.0752435  0.151539
v 0.0807782  0.133966 -0.127637
v 0.0807782  0.133966  0.127637
v 0.0811224 -0.109879  -0.14427
v 0.0811224 -0.109879   0.14427
v 0.0811224 -0.101122 -0.147156
v 0.0811224 -0.101122  0.147156
v 0.0811224  0.101122 -0.147156
v 0.0811224  0.101122  0.147156
v 0.0811224  0.109879  -0.14427
v 0.0811224  0.109879   0.14427
v 0.0828428  -0.12317 -0.137026
v 0.0828428  -0.12317  0.137026
v 0.0828428 -0.0889365 -0.149575
v 0.0828428 -0.0889365  0.149575
v 0.0828428 0.0889365 -0.149575
v 0.0828428 0.0889365  0.149575
v 0.0828428   0.12317 -0.137026
v 0.0828428   0.12317  0.137026
v 0.0830624 -0.137754 -0.122034
v 0.0830624 -0.137754  0.122034
v 0.0830624 -0.0719403 -0.151539
v 0.0830624 -0.0719403  0.151539
v 0.0830624 0.0719403 -0.151539
v 0.0830624 0.0719403  0.151539
v 0.0830624  0.137754 -0.122034
v 0.0830624  0.137754  0.122034
v 0.0850488 -0.141049 -0.115736
v 0.0850488 -0.141049  0.115736
v 0.0850488 -0.0682279 -0.151539
v 0.0850488 -0.0682279  0.151539
v 0.0850488 0.0682279 -0.151539
v 0.0850488 0.0682279  0.151539
v 0.0850488  0.141049 -0.115736
v 0.0850488  0.141049  0.115736
v 0.0855364 -0.115858 -0.140901
v 0.0855364 -0.115858  0.140901
v 0.0855364 -0.0987606 -0.147156
v 0.0855364 -0.0987606  0.147156
v 0.0855364 0.0987606 -0.147156
v 0.0855364 0.0987606  0.147156
v 0.0855364  0.115858 -0.140901
v 0.0855364  0.115858  0.140901
v 0.0860752 -0.127976 -0.132617
v 0.0860752 -0.127976  0.132617
v 0.0860752 -0.0860752 -0.149575
v 0.0860752 -0.0860752  0.149575
v 0.0860752 0.0860752 -0.149575
v 0.0860752 0.0860752  0.149575
v 0.0860752  0.127976 -0.132617
v 0.0860752  0.127976  0.132617
v 0.0864188 -0.107725  -0.14427
v 0.0864188 -0.107725   0.14427
v 0.0864188  0.107725  -0.14427
v 0.0864188  0.107725   0.14427
v 0.0867501  -0.14387 -0.108643
v 0.0867501  -0.14387  0.108643
v 0.0867501 -0.0640464 -0.151539
v 0.0867501 -0.0640464  0.151539
v 0.0867501 0.0640464 -0.151539
v 0.0867501 0.0640464  0.151539
v 0.0867501   0.14387 -0.108643
v 0.0867501   0.14387  0.108643
v 0.0881761 -0.146235 -0.100603
v 0.0881761 -0.146235  0.100603
v 0.0881761 -0.0593064 -0.151539
v 0.0881761 -0.0593064  0.151539
v 0.0881761 0.0593064 -0.151539
v 0.0881761 0.0593064  0.151539
v 0.0881761  0.146235 -0.100603
v 0.0881761  0.146235  0.100603
v 0.0889365  -0.13223 -0.127637
v 0.0889365  -0.13223  0.127637
v 0.0889365 -0.0828428 -0.149575
v 0.0889365 -0.0828428  0.149575
v 0.0889365 0.0828428 -0.149575
v 0.0889365 0.0828428  0.149575
v 0.0889365   0.13223 -0.127637
v 0.0889365   0.13223  0.127637
v  0.089334 -0.148155 -0.0913742
v  0.089334 -0.148155 0.0913742
v  0.089334 -0.0538661 -0.151539
v  0.089334 -0.0538661  0.151539
v  0.089334 0.0538661 -0.151539
v  0.089334 0.0538661  0.151539
v  0.089334  0.148155 -0.0913742
v  0.089334  0.148155 0.0913742
v 0.0894639 -0.121178 -0.137026
v 0.0894639 -0.121178  0.137026
v 0.0894639 -0.0960447 -0.147156
v 0.0894639 -0.0960447  0.147156
v 0.0894639 0.0960447 -0.147156
v 0.0894639 0.0960447  0.147156
v 0.0894639  0.121178 -0.137026
v 0.0894639  0.121178  0.137026
v 0.0902294  -0.14964 -0.0805406
v 0.0902294  -0.14964 0.0805406
v 0.0902294 -0.0474796 -0.151539
v 0.0902294 -0.0474796  0.151539
v 0.0902294 0.0474796 -0.151539
v 0.0902294 0.0474796  0.151539
v 0.0902294   0.14964 -0.0805406
v 0.0902294   0.14964 0.0805406
v 0.0908663 -0.150697 -0.0672638
v 0.0908663 -0.150697 0.0672638
v 0.0908663 -0.0396528 -0.151539
v 0.0908663 -0.0396528  0.151539
v 0.0908663 0.0396528 -0.151539
v 0.0908663 0.0396528  0.151539
v 0.0908663  0.150697 -0.0672638
v 0.0908663  0.150697 0.0672638
v  0.091121 -0.113586 -0.140901
v  0.091121 -0.113586  0.140901
v  0.091121 -0.105209  -0.14427
v  0.091121 -0.105209   0.14427
v  0.091121  0.105209  -0.14427
v  0.091121  0.105209   0.14427
v  0.091121  0.113586 -0.140901
v  0.091121  0.113586  0.140901
v 0.0912474 -0.151329 -0.0493084
v 0.0912474 -0.151329 0.0493084
v 0.0912474 -0.0290679 -0.151539
v 0.0912474 -0.0290679  0.151539
v 0.0912474 0.0290679 -0.151539
v 0.0912474 0.0290679  0.151539
v 0.0912474  0.151329 -0.0493084
v 0.0912474  0.151329 0.0493084
v 0.0913742 -0.151539         0
v 0.0913742         0 -0.151539
v 0.0913742         0  0.151539
v 0.0913742  0.151539         0
v 0.0914514 -0.135969 -0.122034
v 0.0914514 -0.135969  0.122034
v 0.0914514 -0.079206 -0.149575
v 0.0914514 -0.079206  0.149575
v 0.0914514  0.079206 -0.149575
v 0.0914514  0.079206  0.149575
v 0.0914514  0.135969 -0.122034
v 0.0914514  0.135969  0.122034
v 0.0929546 -0.125906 -0.132617
v 0.0929546 -0.125906  0.132617
v 0.0929546 -0.0929546 -0.147156
v 0.0929546 -0.0929546  0.147156
v 0.0929546 0.0929546 -0.147156
v 0.0929546 0.0929546  0.147156
v 0.0929546  0.125906 -0.132617
v 0.0929546  0.125906  0.132617
v 0.0936384 -0.139221 -0.115736
v 0.0936384 -0.139221  0.115736
v 0.0936384 -0.0751187 -0.149575
v 0.0936384 -0.0751187  0.149575
v 0.0936384 0.0751187 -0.149575
v 0.0936384 0.0751187  0.149575
v 0.0936384  0.139221 -0.115736
v 0.0936384  0.139221  0.115736
v 0.0953048 -0.118801 -0.137026
v 0.0953048 -0.118801  0.137026
v 0.0953048 -0.102315  -0.14427
v 0.0953048 -0.102315   0.14427
v 0.0953048  0.102315  -0.14427
v 0.0953048  0.102315   0.14427
v 0.0953048  0.118801 -0.137026
v 0.0953048  0.118801  0.137026
v 0.0955116 -0.142005 -0.108643
v 0.0955116 -0.142005  0.108643
v 0.0955116 -0.0705149 -0.149575
v 0.0955116 -0.0705149  0.149575
v 0.0955116 0.0705149 -0.149575
v 0.0955116 0.0705149  0.149575
v 0.0955116  0.142005 -0.108643
v 0.0955116  0.142005  0.108643
v 0.0960447 -0.130091 -0.127637
v 0.0960447 -0.130091  0.127637
v 0.0960447 -0.0894639 -0.147156
v 0.0960447 -0.0894639  0.147156
v 0.0960447 0.0894639 -0.147156
v 0.0960447 0.0894639  0.147156
v 0.0960447  0.130091 -0.127637
v 0.0960447  0.130091  0.127637
v  0.096079 -0.110933 -0.140901
v  0.096079 -0.110933  0.140901
v  0.096079  0.110933 -0.140901
v  0.096079  0.110933  0.140901
v 0.0970815  -0.14434 -0.100603
v 0.0970815  -0.14434  0.100603
v 0.0970815 -0.0652961 -0.149575
v 0.0970815 -0.0652961  0.149575
v 0.0970815 0.0652961 -0.149575
v 0.0970815 0.0652961  0.149575
v 0.0970815   0.14434 -0.100603
v 0.0970815   0.14434  0.100603
v 0.0983563 -0.146235 -0.0913742
v 0.0983563 -0.146235 0.0913742
v 0.0983563 -0.0593064 -0.149575
v 0.0983563 -0.0593064  0.149575
v 0.0983563 0.0593064 -0.149575
v 0.0983563 0.0593064  0.149575
v 0.0983563  0.146235 -0.0913742
v 0.0983563  0.146235 0.0913742
v 0.0987606  -0.13377 -0.122034
v 0.0987606  -0.13377  0.122034
v 0.0987606 -0.0855364 -0.147156
v 0.0987606 -0.0855364  0.147156
v 0.0987606 0.0855364 -0.147156
v 0.0987606 0.0855364  0.147156
v 0.0987606   0.13377 -0.122034
v 0.0987606   0.13377  0.122034
v 0.0990235 -0.123437 -0.132617
v 0.0990235 -0.123437  0.132617
v 0.0990235 -0.0990235  -0.14427
v 0.0990235 -0.0990235   0.14427
v 0.0990235 0.0990235  -0.14427
v 0.0990235 0.0990235   0.14427
v 0.0990235  0.123437 -0.132617
v 0.0990235  0.123437  0.132617
v 0.0993422 -0.147701 -0.0805406
v 0.0993422 -0.147701 0.0805406
v 0.0993422 -0.0522749 -0.149575
v 0.0993422 -0.0522749  0.149575
v 0.0993422 0.0522749 -0.149575
v 0.0993422 0.0522749  0.149575
v 0.0993422  0.147701 -0.0805406
v 0.0993422  0.147701 0.0805406
v  0.100043 -0.148743 -0.0672638
v  0.100043 -0.148743 0.0672638
v  0.100043 -0.0436575 -0.149575
v  0.100043 -0.0436575  0.149575
v  0.100043 0.0436575 -0.149575
v  0.100043 0.0436575  0.149575
v  0.100043  0.148743 -0.0672638
v  0.100043  0.148743 0.0672638
v  0.100463 -0.149367 -0.0493084
v  0.100463 -0.149367 0.0493084
v  0.100463 -0.0320036 -0.149575
v  0.100463 -0.0320036  0.149575
v  0.100463 0.0320036 -0.149575
v  0.100463 0.0320036  0.149575
v  0.100463  0.149367 -0.0493084
v  0.100463  0.149367 0.0493084
v  0.100491 -0.116027 -0.137026
v  0.100491 -0.116027  0.137026
v  0.100491 -0.107882 -0.140901
v  0.100491 -0.107882  0.140901
v  0.100491  0.107882 -0.140901
v  0.100491  0.107882  0.140901
v  0.100491  0.116027 -0.137026
v  0.100491  0.116027  0.137026
v  0.100603 -0.149575         0
v  0.100603         0 -0.149575
v  0.100603         0  0.149575
v  0.100603  0.149575         0
v  0.101122 -0.136969 -0.115736
v  0.101122 -0.136969  0.115736
v  0.101122 -0.0811224 -0.147156
v  0.101122 -0.0811224  0.147156
v  0.101122 0.0811224 -0.147156
v  0.101122 0.0811224  0.147156
v  0.101122  0.136969 -0.115736
v  0.101122  0.136969  0.115736
v  0.102315  -0.12754 -0.127637
v  0.102315  -0.12754  0.127637
v  0.102315 -0.0953048  -0.14427
v  0.102315 -0.0953048   0.14427
v  0.102315 0.0953048  -0.14427
v  0.102315 0.0953048   0.14427
v  0.102315   0.12754 -0.127637
v  0.102315   0.12754  0.127637
v  0.103145 -0.139709 -0.108643
v  0.103145 -0.139709  0.108643
v  0.103145 -0.0761507 -0.147156
v  0.103145 -0.0761507  0.147156
v  0.103145 0.0761507 -0.147156
v  0.103145 0.0761507  0.147156
v  0.103145  0.139709 -0.108643
v  0.103145  0.139709  0.108643
v  0.104412 -0.120554 -0.132617
v  0.104412 -0.120554  0.132617
v  0.104412 -0.104412 -0.140901
v  0.104412 -0.104412  0.140901
v  0.104412  0.104412 -0.140901
v  0.104412  0.104412  0.140901
v  0.104412  0.120554 -0.132617
v  0.104412  0.120554  0.132617
v  0.104841 -0.142005 -0.100603
v  0.104841 -0.142005  0.100603
v  0.104841 -0.0705149 -0.147156
v  0.104841 -0.0705149  0.147156
v  0.104841 0.0705149 -0.147156
v  0.104841 0.0705149  0.147156
v  0.104841  0.142005 -0.100603
v  0.104841  0.142005  0.100603
v  0.105105 -0.112836 -0.137026
v  0.105105 -0.112836  0.137026
v  0.105105  0.112836 -0.137026
v  0.105105  0.112836  0.137026
v  0.105209 -0.131147 -0.122034
v  0.105209 -0.131147  0.122034
v  0.105209 -0.091121  -0.14427
v  0.105209 -0.091121   0.14427
v  0.105209  0.091121  -0.14427
v  0.105209  0.091121   0.14427
v  0.105209  0.131147 -0.122034
v  0.105209  0.131147  0.122034
v  0.106217  -0.14387 -0.0913742
v  0.106217  -0.14387 0.0913742
v  0.106217 -0.0640464 -0.147156
v  0.106217 -0.0640464  0.147156
v  0.106217 0.0640464 -0.147156
v  0.106217 0.0640464  0.147156
v  0.106217   0.14387 -0.0913742
v  0.106217   0.14387 0.0913742
v  0.107282 -0.145312 -0.0805406
v  0.107282 -0.145312 0.0805406
v  0.107282 -0.0564529 -0.147156
v  0.107282 -0.0564529  0.147156
v  0.107282 0.0564529 -0.147156
v  0.107282 0.0564529  0.147156
v  0.107282  0.145312 -0.0805406
v  0.107282  0.145312 0.0805406
v  0.107725 -0.134283 -0.115736
v  0.107725 -0.134283  0.115736
v  0.107725 -0.0864188  -0.14427
v  0.107725 -0.0864188   0.14427
v  0.107725 0.0864188  -0.14427
v  0.107725 0.0864188   0.14427
v  0.107725  0.134283 -0.115736
v  0.107725  0.134283  0.115736
v  0.107882 -0.124561 -0.127637
v  0.107882 -0.124561  0.127637
v  0.107882 -0.100491 -0.140901
v  0.107882 -0.100491  0.140901
v  0.107882  0.100491 -0.140901
v  0.107882  0.100491  0.140901
v  0.107882  0.124561 -0.127637
v  0.107882  0.124561  0.127637
v  0.108039 -0.146338 -0.0672638
v  0.108039 -0.146338 0.0672638
v  0.108039 -0.0471468 -0.147156
v  0.108039 -0.0471468  0.147156
v  0.108039 0.0471468 -0.147156
v  0.108039 0.0471468  0.147156
v  0.108039  0.146338 -0.0672638
v  0.108039  0.146338 0.0672638
v  0.108492 -0.146952 -0.0493084
v  0.108492 -0.146952 0.0493084
v  0.108492 -0.0345615 -0.147156
v  0.108492 -0.0345615  0.147156
v  0.108492 0.0345615 -0.147156
v  0.108492 0.0345615  0.147156
v  0.108492  0.146952 -0.0493084
v  0.108492  0.146952 0.0493084
v  0.108643 -0.147156         0
v  0.108643         0 -0.147156
v  0.108643         0  0.147156
v  0.108643  0.147156         0
v  0.109206 -0.117239 -0.132617
v  0.109206 -0.117239  0.132617
v  0.109206 -0.109206 -0.137026
v  0.109206 -0.109206  0.137026
v  0.109206  0.109206 -0.137026
v  0.109206  0.109206  0.137026
v  0.109206  0.117239 -0.132617
v  0.109206  0.117239  0.132617
v  0.109879 -0.136969 -0.108643
v  0.109879 -0.136969  0.108643
v  0.109879 -0.0811224  -0.14427
v  0.109879 -0.0811224   0.14427
v  0.109879 0.0811224  -0.14427
v  0.109879 0.0811224   0.14427
v  0.109879  0.136969 -0.108643
v  0.109879  0.136969  0.108643
v  0.110933 -0.128084 -0.122034
v  0.110933 -0.128084  0.122034
v  0.110933 -0.096079 -0.140901
v  0.110933 -0.096079  0.140901
v  0.110933  0.096079 -0.140901
v  0.110933  0.096079  0.140901
v  0.110933  0.128084 -0.122034
v  0.110933  0.128084  0.122034
v  0.111686 -0.139221 -0.100603
v  0.111686 -0.139221  0.100603
v  0.111686 -0.0751187  -0.14427
v  0.111686 -0.0751187   0.14427
v  0.111686 0.0751187  -0.14427
v  0.111686 0.0751187   0.14427
v  0.111686  0.139221 -0.100603
v  0.111686  0.139221  0.100603
v  0.112836 -0.121136 -0.127637
v  0.112836 -0.121136  0.127637
v  0.112836 -0.105105 -0.137026
v  0.112836 -0.105105  0.137026
v  0.112836  0.105105 -0.137026
v  0.112836  0.105105  0.137026
v  0.112836  0.121136 -0.127637
v  0.112836  0.121136  0.127637
v  0.113152 -0.141049 -0.0913742
v  0.113152 -0.141049 0.0913742
v  0.113152 -0.0682279  -0.14427
v  0.113152 -0.0682279   0.14427
v  0.113152 0.0682279  -0.14427
v  0.113152 0.0682279   0.14427
v  0.113152  0.141049 -0.0913742
v  0.113152  0.141049 0.0913742
v  0.113467 -0.113467 -0.132617
v  0.113467 -0.113467  0.132617
v  0.113467  0.113467 -0.132617
v  0.113467  0.113467  0.132617
v  0.113586 -0.131147 -0.115736
v  0.113586 -0.131147  0.115736
v  0.113586 -0.091121 -0.140901
v  0.113586 -0.091121  0.140901
v  0.113586  0.091121 -0.140901
v  0.113586  0.091121  0.140901
v  0.113586  0.131147 -0.115736
v  0.113586  0.131147  0.115736
v  0.114286 -0.142462 -0.0805406
v  0.114286 -0.142462 0.0805406
v  0.114286 -0.0601386  -0.14427
v  0.114286 -0.0601386   0.14427
v  0.114286 0.0601386  -0.14427
v  0.114286 0.0601386   0.14427
v  0.114286  0.142462 -0.0805406
v  0.114286  0.142462 0.0805406
v  0.115093 -0.143468 -0.0672638
v  0.115093 -0.143468 0.0672638
v  0.115093 -0.050225  -0.14427
v  0.115093 -0.050225   0.14427
v  0.115093  0.050225  -0.14427
v  0.115093  0.050225   0.14427
v  0.115093  0.143468 -0.0672638
v  0.115093  0.143468 0.0672638
v  0.115576  -0.14407 -0.0493084
v  0.115576  -0.14407 0.0493084
v  0.115576 -0.0368179  -0.14427
v  0.115576 -0.0368179   0.14427
v  0.115576 0.0368179  -0.14427
v  0.115576 0.0368179   0.14427
v  0.115576   0.14407 -0.0493084
v  0.115576   0.14407 0.0493084
v  0.115736  -0.14427         0
v  0.115736         0  -0.14427
v  0.115736         0   0.14427
v  0.115736   0.14427         0
v  0.115858  -0.13377 -0.108643
v  0.115858  -0.13377  0.108643
v  0.115858 -0.0855364 -0.140901
v  0.115858 -0.0855364  0.140901
v  0.115858 0.0855364 -0.140901
v  0.115858 0.0855364  0.140901
v  0.115858   0.13377 -0.108643
v  0.115858   0.13377  0.108643
v  0.116027 -0.124561 -0.122034
v  0.116027 -0.124561  0.122034
v  0.116027 -0.100491 -0.137026
v  0.116027 -0.100491  0.137026
v  0.116027  0.100491 -0.137026
v  0.116027  0.100491  0.137026
v  0.116027  0.124561 -0.122034
v  0.116027  0.124561  0.122034
v  0.117239 -0.117239 -0.127637
v  0.117239 -0.117239  0.127637
v  0.117239 -0.109206 -0.132617
v  0.117239 -0.109206  0.132617
v  0.117239  0.109206 -0.132617
v  0.117239  0.109206  0.132617
v  0.117239  0.117239 -0.127637
v  0.117239  0.117239  0.127637
v  0.117762 -0.135969 -0.100603
v  0.117762 -0.135969  0.100603
v  0.117762 -0.079206 -0.140901
v  0.117762 -0.079206  0.140901
v  0.117762  0.079206 -0.140901
v  0.117762  0.079206  0.140901
v  0.117762  0.135969 -0.100603
v  0.117762  0.135969  0.100603
v  0.118801  -0.12754 -0.115736
v  0.118801  -0.12754  0.115736
v  0.118801 -0.0953048 -0.137026
v  0.118801 -0.0953048  0.137026
v  0.118801 0.0953048 -0.137026
v  0.118801 0.0953048  0.137026
v  0.118801   0.12754 -0.115736
v  0.118801   0.12754  0.115736
v  0.119309 -0.137754 -0.0913742
v  0.119309 -0.137754 0.0913742
v  0.119309 -0.0719403 -0.140901
v  0.119309 -0.0719403  0.140901
v  0.119309 0.0719403 -0.140901
v  0.119309 0.0719403  0.140901
v  0.119309  0.137754 -0.0913742
v  0.119309  0.137754 0.0913742
v  0.120505 -0.139135 -0.0805406
v  0.120505 -0.139135 0.0805406
v  0.120505 -0.0634108 -0.140901
v  0.120505 -0.0634108  0.140901
v  0.120505 0.0634108 -0.140901
v  0.120505 0.0634108  0.140901
v  0.120505  0.139135 -0.0805406
v  0.120505  0.139135 0.0805406
v  0.120554 -0.120554 -0.122034
v  0.120554 -0.120554  0.122034
v  0.120554 -0.104412 -0.132617
v  0.120554 -0.104412  0.132617
v  0.120554  0.104412 -0.132617
v  0.120554  0.104412  0.132617
v  0.120554  0.120554 -0.122034
v  0.120554  0.120554  0.122034
v  0.121136 -0.112836 -0.127637
v  0.121136 -0.112836  0.127637
v  0.121136  0.112836 -0.127637
v  0.121136  0.112836  0.127637
v  0.121178 -0.130091 -0.108643
v  0.121178 -0.130091  0.108643
v  0.121178 -0.0894639 -0.137026
v  0.121178 -0.0894639  0.137026
v  0.121178 0.0894639 -0.137026
v  0.121178 0.0894639  0.137026
v  0.121178  0.130091 -0.108643
v  0.121178  0.130091  0.108643
v  0.121355 -0.140117 -0.0672638
v  0.121355 -0.140117 0.0672638
v  0.121355 -0.0529578 -0.140901
v  0.121355 -0.0529578  0.140901
v  0.121355 0.0529578 -0.140901
v  0.121355 0.0529578  0.140901
v  0.121355  0.140117 -0.0672638
v  0.121355  0.140117 0.0672638
v  0.121864 -0.140705 -0.0493084
v  0.121864 -0.140705 0.0493084
v  0.121864 -0.0388213 -0.140901
v  0.121864 -0.0388213  0.140901
v  0.121864 0.0388213 -0.140901
v  0.121864 0.0388213  0.140901
v  0.121864  0.140705 -0.0493084
v  0.121864  0.140705 0.0493084
v  0.122034 -0.140901         0
v  0.122034         0 -0.140901
v  0.122034         0  0.140901
v  0.122034  0.140901         0
v   0.12317  -0.13223 -0.100603
v   0.12317  -0.13223  0.100603
v   0.12317 -0.0828428 -0.137026
v   0.12317 -0.0828428  0.137026
v   0.12317 0.0828428 -0.137026
v   0.12317 0.0828428  0.137026
v   0.12317   0.13223 -0.100603
v   0.12317   0.13223  0.100603
v  0.123437 -0.123437 -0.115736
v  0.123437 -0.123437  0.115736
v  0.123437 -0.0990235 -0.132617
v  0.123437 -0.0990235  0.132617
v  0.123437 0.0990235 -0.132617
v  0.123437 0.0990235  0.132617
v  0.123437  0.123437 -0.115736
v  0.123437  0.123437  0.115736
v  0.124561 -0.116027 -0.122034
v  0.124561 -0.116027  0.122034
v  0.124561 -0.107882 -0.127637
v  0.124561 -0.107882  0.127637
v  0.124561  0.107882 -0.127637
v  0.124561  0.107882  0.127637
v  0.124561  0.116027 -0.122034
v  0.124561  0.116027  0.122034
v  0.124787 -0.133966 -0.0913742
v  0.124787 -0.133966 0.0913742
v  0.124787 -0.0752435 -0.137026
v  0.124787 -0.0752435  0.137026
v  0.124787 0.0752435 -0.137026
v  0.124787 0.0752435  0.137026
v  0.124787  0.133966 -0.0913742
v  0.124787  0.133966 0.0913742
v  0.125906 -0.125906 -0.108643
v  0.125906 -0.125906  0.108643
v  0.125906 -0.0929546 -0.132617
v  0.125906 -0.0929546  0.132617
v  0.125906 0.0929546 -0.132617
v  0.125906 0.0929546  0.132617
v  0.125906  0.125906 -0.108643
v  0.125906  0.125906  0.108643
v  0.126038 -0.135309 -0.0805406
v  0.126038 -0.135309 0.0805406
v  0.126038 -0.0663224 -0.137026
v  0.126038 -0.0663224  0.137026
v  0.126038 0.0663224 -0.137026
v  0.126038 0.0663224  0.137026
v  0.126038  0.135309 -0.0805406
v  0.126038  0.135309 0.0805406
v  0.126927 -0.136264 -0.0672638
v  0.126927 -0.136264 0.0672638
v  0.126927 -0.0553894 -0.137026
v  0.126927 -0.0553894  0.137026
v  0.126927 0.0553894 -0.137026
v  0.126927 0.0553894  0.137026
v  0.126927  0.136264 -0.0672638
v  0.126927  0.136264 0.0672638
v   0.12746 -0.136836 -0.0493084
v   0.12746 -0.136836 0.0493084
v   0.12746 -0.0406038 -0.137026
v   0.12746 -0.0406038  0.137026
v   0.12746 0.0406038 -0.137026
v   0.12746 0.0406038  0.137026
v   0.12746  0.136836 -0.0493084
v   0.12746  0.136836 0.0493084
v   0.12754 -0.118801 -0.115736
v   0.12754 -0.118801  0.115736
v   0.12754 -0.102315 -0.127637
v   0.12754 -0.102315  0.127637
v   0.12754  0.102315 -0.127637
v   0.12754  0.102315  0.127637
v   0.12754  0.118801 -0.115736
v   0.12754  0.118801  0.115736
v  0.127637 -0.137026         0
v  0.127637         0 -0.137026
v  0.127637         0  0.137026
v  0.127637  0.137026         0
v  0.127976 -0.127976 -0.100603
v  0.127976 -0.127976  0.100603
v  0.127976 -0.0860752 -0.132617
v  0.127976 -0.0860752  0.132617
v  0.127976 0.0860752 -0.132617
v  0.127976 0.0860752  0.132617
v  0.127976  0.127976 -0.100603
v  0.127976  0.127976  0.100603
v  0.128084 -0.110933 -0.122034
v  0.128084 -0.110933  0.122034
v  0.128084  0.110933 -0.122034
v  0.128084  0.110933  0.122034
v  0.129656 -0.129656 -0.0913742
v  0.129656 -0.129656 0.0913742
v  0.129656 -0.0781793 -0.132617
v  0.129656 -0.0781793  0.132617
v  0.129656 0.0781793 -0.132617
v  0.129656 0.0781793  0.132617
v  0.129656  0.129656 -0.0913742
v  0.129656  0.129656 0.0913742
v  0.130091 -0.121178 -0.108643
v  0.130091 -0.121178  0.108643
v  0.130091 -0.0960447 -0.127637
v  0.130091 -0.0960447  0.127637
v  0.130091 0.0960447 -0.127637
v  0.130091 0.0960447  0.127637
v  0.130091  0.121178 -0.108643
v  0.130091  0.121178  0.108643
v  0.130956 -0.130956 -0.0805406
v  0.130956 -0.130956 0.0805406
v  0.130956 -0.0689102 -0.132617
v  0.130956 -0.0689102  0.132617
v  0.130956 0.0689102 -0.132617
v  0.130956 0.0689102  0.132617
v  0.130956  0.130956 -0.0805406
v  0.130956  0.130956 0.0805406
v  0.131147 -0.113586 -0.115736
v  0.131147 -0.113586  0.115736
v  0.131147 -0.105209 -0.122034
v  0.131147 -0.105209  0.122034
v  0.131147  0.105209 -0.122034
v  0.131147  0.105209  0.122034
v  0.131147  0.113586 -0.115736
v  0.131147  0.113586  0.115736
v   0.13188  -0.13188 -0.0672638
v   0.13188  -0.13188 0.0672638
v   0.13188 -0.0575506 -0.132617
v   0.13188 -0.0575506  0.132617
v   0.13188 0.0575506 -0.132617
v   0.13188 0.0575506  0.132617
v   0.13188   0.13188 -0.0672638
v   0.13188   0.13188 0.0672638
v   0.13223  -0.12317 -0.100603
v   0.13223  -0.12317  0.100603
v   0.13223 -0.0889365 -0.127637
v   0.13223 -0.0889365  0.127637
v   0.13223 0.0889365 -0.127637
v   0.13223 0.0889365  0.127637
v   0.13223   0.12317 -0.100603
v   0.13223   0.12317  0.100603
v  0.132433 -0.132433 -0.0493084
v  0.132433 -0.132433 0.0493084
v  0.132433 -0.042188 -0.132617
v  0.132433 -0.042188  0.132617
v  0.132433  0.042188 -0.132617
v  0.132433  0.042188  0.132617
v  0.132433  0.132433 -0.0493084
v  0.132433  0.132433 0.0493084
v  0.132617 -0.132617         0
v  0.132617         0 -0.132617
v  0.132617         0  0.132617
v  0.132617  0.132617         0
v   0.13377 -0.115858 -0.108643
v   0.13377 -0.115858  0.108643
v   0.13377 -0.0987606 -0.122034
v   0.13377 -0.0987606  0.122034
v   0.13377 0.0987606 -0.122034
v   0.13377 0.0987606  0.122034
v   0.13377  0.115858 -0.108643
v   0.13377  0.115858  0.108643
v  0.133966 -0.124787 -0.0913742
v  0.133966 -0.124787 0.0913742
v  0.133966 -0.0807782 -0.127637
v  0.133966 -0.0807782  0.127637
v  0.133966 0.0807782 -0.127637
v  0.133966 0.0807782  0.127637
v  0.133966  0.124787 -0.0913742
v  0.133966  0.124787 0.0913742
v  0.134283 -0.107725 -0.115736
v  0.134283 -0.107725  0.115736
v  0.134283  0.107725 -0.115736
v  0.134283  0.107725  0.115736
v  0.135309 -0.126038 -0.0805406
v  0.135309 -0.126038 0.0805406
v  0.135309 -0.0712009 -0.127637
v  0.135309 -0.0712009  0.127637
v  0.135309 0.0712009 -0.127637
v  0.135309 0.0712009  0.127637
v  0.135309  0.126038 -0.0805406
v  0.135309  0.126038 0.0805406
v  0.135969 -0.117762 -0.100603
v  0.135969 -0.117762  0.100603
v  0.135969 -0.0914514 -0.122034
v  0.135969 -0.0914514  0.122034
v  0.135969 0.0914514 -0.122034
v  0.135969 0.0914514  0.122034
v  0.135969  0.117762 -0.100603
v  0.135969  0.117762  0.100603
v  0.136264 -0.126927 -0.0672638
v  0.136264 -0.126927 0.0672638
v  0.136264 -0.0594637 -0.127637
v  0.136264 -0.0594637  0.127637
v  0.136264 0.0594637 -0.127637
v  0.136264 0.0594637  0.127637
v  0.136264  0.126927 -0.0672638
v  0.136264  0.126927 0.0672638
v  0.136836  -0.12746 -0.0493084
v  0.136836  -0.12746 0.0493084
v  0.136836 -0.0435905 -0.127637
v  0.136836 -0.0435905  0.127637
v  0.136836 0.0435905 -0.127637
v  0.136836 0.0435905  0.127637
v  0.136836   0.12746 -0.0493084
v  0.136836   0.12746 0.0493084
v  0.136969 -0.109879 -0.108643
v  0.136969 -0.109879  0.108643
v  0.136969 -0.101122 -0.115736
v  0.136969 -0.101122  0.115736
v  0.136969  0.101122 -0.115736
v  0.136969  0.101122  0.115736
v  0.136969  0.109879 -0.108643
v  0.136969  0.109879  0.108643
v  0.137026 -0.127637         0
v  0.137026         0 -0.127637
v  0.137026         0  0.127637
v  0.137026  0.127637         0
v  0.137754 -0.119309 -0.0913742
v  0.137754 -0.119309 0.0913742
v  0.137754 -0.0830624 -0.122034
v  0.137754 -0.0830624  0.122034
v  0.137754 0.0830624 -0.122034
v  0.137754 0.0830624  0.122034
v  0.137754  0.119309 -0.0913742
v  0.137754  0.119309 0.0913742
v  0.139135 -0.120505 -0.0805406
v  0.139135 -0.120505 0.0805406
v  0.139135 -0.0732143 -0.122034
v  0.139135 -0.0732143  0.122034
v  0.139135 0.0732143 -0.122034
v  0.139135 0.0732143  0.122034
v  0.139135  0.120505 -0.0805406
v  0.139135  0.120505 0.0805406
v  0.139221 -0.111686 -0.100603
v  0.139221 -0.111686  0.100603
v  0.139221 -0.0936384 -0.115736
v  0.139221 -0.0936384  0.115736
v  0.139221 0.0936384 -0.115736
v  0.139221 0.0936384  0.115736
v  0.139221  0.111686 -0.100603
v  0.139221  0.111686  0.100603
v  0.139709 -0.103145 -0.108643
v  0.139709 -0.103145  0.108643
v  0.139709  0.103145 -0.108643
v  0.139709  0.103145  0.108643
v  0.140117 -0.121355 -0.0672638
v  0.140117 -0.121355 0.0672638
v  0.140117 -0.0611452 -0.122034
v  0.140117 -0.0611452  0.122034
v  0.140117 0.0611452 -0.122034
v  0.140117 0.0611452  0.122034
v  0.140117  0.121355 -0.0672638
v  0.140117  0.121355 0.0672638
v  0.140705 -0.121864 -0.0493084
v  0.140705 -0.121864 0.0493084
v  0.140705 -0.0448231 -0.122034
v  0.140705 -0.0448231  0.122034
v  0.140705 0.0448231 -0.122034
v  0.140705 0.0448231  0.122034
v  0.140705  0.121864 -0.0493084
v  0.140705  0.121864 0.0493084
v  0.140901 -0.122034         0
v  0.140901         0 -0.122034
v  0.140901         0  0.122034
v  0.140901  0.122034         0
v  0.141049 -0.113152 -0.0913742
v  0.141049 -0.113152 0.0913742
v  0.141049 -0.0850488 -0.115736
v  0.141049 -0.0850488  0.115736
v  0.141049 0.0850488 -0.115736
v  0.141049 0.0850488  0.115736
v  0.141049  0.113152 -0.0913742
v  0.141049  0.113152 0.0913742
v  0.142005 -0.104841 -0.100603
v  0.142005 -0.104841  0.100603
v  0.142005 -0.0955116 -0.108643
v  0.142005 -0.0955116  0.108643
v  0.142005 0.0955116 -0.108643
v  0.142005 0.0955116  0.108643
v  0.142005  0.104841 -0.100603
v  0.142005  0.104841  0.100603
v  0.142462 -0.114286 -0.0805406
v  0.142462 -0.114286 0.0805406
v  0.142462 -0.0749652 -0.115736
v  0.142462 -0.0749652  0.115736
v  0.142462 0.0749652 -0.115736
v  0.142462 0.0749652  0.115736
v  0.142462  0.114286 -0.0805406
v  0.142462  0.114286 0.0805406
v  0.143468 -0.115093 -0.0672638
v  0.143468 -0.115093 0.0672638
v  0.143468 -0.0626074 -0.115736
v  0.143468 -0.0626074  0.115736
v  0.143468 0.0626074 -0.115736
v  0.143468 0.0626074  0.115736
v  0.143468  0.115093 -0.0672638
v  0.143468  0.115093 0.0672638
v   0.14387 -0.106217 -0.0913742
v   0.14387 -0.106217 0.0913742
v   0.14387 -0.0867501 -0.108643
v   0.14387 -0.0867501  0.108643
v   0.14387 0.0867501 -0.108643
v   0.14387 0.0867501  0.108643
v   0.14387  0.106217 -0.0913742
v   0.14387  0.106217 0.0913742
v   0.14407 -0.115576 -0.0493084
v   0.14407 -0.115576 0.0493084
v   0.14407 -0.045895 -0.115736
v   0.14407 -0.045895  0.115736
v   0.14407  0.045895 -0.115736
v   0.14407  0.045895  0.115736
v   0.14407  0.115576 -0.0493084
v   0.14407  0.115576 0.0493084
v   0.14427 -0.115736         0
v   0.14427         0 -0.115736
v   0.14427         0  0.115736
v   0.14427  0.115736         0
v   0.14434 -0.0970815 -0.100603
v   0.14434 -0.0970815  0.100603
v   0.14434 0.0970815 -0.100603
v   0.14434 0.0970815  0.100603
v  0.145312 -0.107282 -0.0805406
v  0.145312 -0.107282 0.0805406
v  0.145312 -0.0764648 -0.108643
v  0.145312 -0.0764648  0.108643
v  0.145312 0.0764648 -0.108643
v  0.145312 0.0764648  0.108643
v  0.145312  0.107282 -0.0805406
v  0.145312  0.107282 0.0805406
v  0.146235 -0.0983563 -0.0913742
v  0.146235 -0.0983563 0.0913742
v  0.146235 -0.0881761 -0.100603
v  0.146235 -0.0881761  0.100603
v  0.146235 0.0881761 -0.100603
v  0.146235 0.0881761  0.100603
v  0.146235 0.0983563 -0.0913742
v  0.146235 0.0983563 0.0913742
v  0.146338 -0.108039 -0.0672638
v  0.146338 -0.108039 0.0672638
v  0.146338 -0.0638598 -0.108643
v  0.146338 -0.0638598  0.108643
v  0.146338 0.0638598 -0.108643
v  0.146338 0.0638598  0.108643
v  0.146338  0.108039 -0.0672638
v  0.146338  0.108039 0.0672638
v  0.146952 -0.108492 -0.0493084
v  0.146952 -0.108492 0.0493084
v  0.146952 -0.0468131 -0.108643
v  0.146952 -0.0468131  0.108643
v  0.146952 0.0468131 -0.108643
v  0.146952 0.0468131  0.108643
v  0.146952  0.108492 -0.0493084
v  0.146952  0.108492 0.0493084
v  0.147156 -0.108643         0
v  0.147156         0 -0.108643
v  0.147156         0  0.108643
v  0.147156  0.108643         0
v  0.147701 -0.0993422 -0.0805406
v  0.147701 -0.0993422 0.0805406
v  0.147701 -0.0777216 -0.100603
v  0.147701 -0.0777216  0.100603
v  0.147701 0.0777216 -0.100603
v  0.147701 0.0777216  0.100603
v  0.147701 0.0993422 -0.0805406
v  0.147701 0.0993422 0.0805406
v  0.148155 -0.089334 -0.0913742
v  0.148155 -0.089334 0.0913742
v  0.148155  0.089334 -0.0913742
v  0.148155  0.089334 0.0913742
v  0.148743 -0.100043 -0.0672638
v  0.148743 -0.100043 0.0672638
v  0.148743 -0.0649095 -0.100603
v  0.148743 -0.0649095  0.100603
v  0.148743 0.0649095 -0.100603
v  0.148743 0.0649095  0.100603
v  0.148743  0.100043 -0.0672638
v  0.148743  0.100043 0.0672638
v  0.149367 -0.100463 -0.0493084
v  0.149367 -0.100463 0.0493084
v  0.149367 -0.0475826 -0.100603
v  0.149367 -0.0475826  0.100603
v  0.149367 0.0475826 -0.100603
v  0.149367 0.0475826  0.100603
v  0.149367  0.100463 -0.0493084
v  0.149367  0.100463 0.0493084
v  0.149575 -0.100603         0
v  0.149575         0 -0.100603
v  0.149575         0  0.100603
v  0.149575  0.100603         0
v   0.14964 -0.0902294 -0.0805406
v   0.14964 -0.0902294 0.0805406
v   0.14964 -0.0787423 -0.0913742
v   0.14964 -0.0787423 0.0913742
v   0.14964 0.0787423 -0.0913742
v   0.14964 0.0787423 0.0913742
v   0.14964 0.0902294 -0.0805406
v   0.14964 0.0902294 0.0805406
v  0.150697 -0.0908663 -0.0672638
v  0.150697 -0.0908663 0.0672638
v  0.150697 -0.0657619 -0.0913742
v  0.150697 -0.0657619 0.0913742
v  0.150697 0.0657619 -0.0913742
v  0.150697 0.0657619 0.0913742
v  0.150697 0.0908663 -0.0672638
v  0.150697 0.0908663 0.0672638
v   0.15114 -0.0795315 -0.0805406
v   0.15114 -0.0795315 0.0805406
v   0.15114 0.0795315 -0.0805406
v   0.15114 0.0795315 0.0805406
v  0.151329 -0.0912474 -0.0493084
v  0.151329 -0.0912474 0.0493084
v  0.151329 -0.0482074 -0.0913742
v  0.151329 -0.0482074 0.0913742
v  0.151329 0.0482074 -0.0913742
v  0.151329 0.0482074 0.0913742
v  0.151329 0.0912474 -0.0493084
v  0.151329 0.0912474 0.0493084
v  0.151539 -0.0913742         0
v  0.151539         0 -0.0913742
v  0.151539         0 0.0913742
v  0.151539 0.0913742         0
v  0.152207 -0.0800929 -0.0672638
v  0.152207 -0.0800929 0.0672638
v  0.152207 -0.066421 -0.0805406
v  0.152207 -0.066421 0.0805406
v  0.152207  0.066421 -0.0805406
v  0.152207  0.066421 0.0805406
v  0.152207 0.0800929 -0.0672638
v  0.152207 0.0800929 0.0672638
v  0.152845 -0.0804288 -0.0493084
v  0.152845 -0.0804288 0.0493084
v  0.152845 -0.0486906 -0.0805406
v  0.152845 -0.0486906 0.0805406
v  0.152845 0.0486906 -0.0805406
v  0.152845 0.0486906 0.0805406
v  0.152845 0.0804288 -0.0493084
v  0.152845 0.0804288 0.0493084
v  0.153058 -0.0805406         0
v  0.153058         0 -0.0805406
v  0.153058         0 0.0805406
v  0.153058 0.0805406         0
v  0.153281 -0.0668899 -0.0672638
v  0.153281 -0.0668899 0.0672638
v  0.153281 0.0668899 -0.0672638
v  0.153281 0.0668899 0.0672638
v  0.153924 -0.0671704 -0.0493084
v  0.153924 -0.0671704 0.0493084
v  0.153924 -0.0490343 -0.0672638
v  0.153924 -0.0490343 0.0672638
v  0.153924 0.0490343 -0.0672638
v  0.153924 0.0490343 0.0672638
v  0.153924 0.0671704 -0.0493084
v  0.153924 0.0671704 0.0493084
v  0.154138 -0.0672638         0
v  0.154138         0 -0.0672638
v  0.154138         0 0.0672638
v  0.154138 0.0672638         0
v   0.15457  -0.04924 -0.0493084
v   0.15457  -0.04924 0.0493084
v   0.15457   0.04924 -0.0493084
v   0.15457   0.04924 0.0493084
v  0.154785 -0.0493084         0
v  0.154785         0 -0.0493084
v  0.154785         0 0.0493084
v  0.154785 0.0493084         0
v     0.155         0         0
f 1522 1323 1328
f 1522 1328 1524
f 1524 1328 1336
f 1524 1336 1528
f 1528 1336 1344
f 1528 1344 1532
f 1532 1344 1352
f 1532 1352 1536
f 1536 1352 1360
f 1536 1360 1540
f 1540 1360 1384
f 1540 1384 1544
f 1544 1384 1392
f 1544 1392 1548
f 1548 1392 1400
f 1548 1400 1552
f 1552 1400 1416
f 1552 1416 1556
f 1556 1416 1424
f 1556 1424 1560
f 1560 1424 1436
f 1560 1436 1564
f 1564 1436 1452
f 1564 1452 1568
f 1568 1452 1460
f 1568 1460 1572
f 1572 1460 1476
f 1572 1476 1576
f 1576 1476 1484
f 1576 1484 1580
f 1580 1484 1496
f 1580 1496 1584
f 1584 1496 1504
f 1584 1504 1588
f 1588 1504 1512
f 1588 1512 1592
f 1592 1512 1518
f 1592 1518 1596
f 1596 1518 1604
f 1596 1604 1600
f 1600 1604 1760
f 1600 1760 1606
f 1606 1760 1766
f 1606 1766 1614
f 1614 1766 1774
f 1614 1774 1622
f 1622 1774 1782
f 1622 1782 1630
f 1630 1782 1794
f 1630 1794 1638
f 1638 1794 1802
f 1638 1802 1646
f 1646 1802 1818
f 1646 1818 1654
f 1654 1818 1826
f 1654 1826 1662
f 1662 1826 1842
f 1662 1842 1670
f 1670 1842 1854
f 1670 1854 1678
f 1678 1854 1862
f 1678 1862 1686
f 1686 1862 1878
f 1686 1878 1694
f 1694 1878 1886
f 1694 1886 1702
f 1702 1886 1894
f 1702 1894 1710
f 1710 1894 1918
f 1710 1918 1718
f 1718 1918 1926
f 1718 1926 1726
f 1726 1926 1934
f 1726 1934 1734
f 1734 1934 1942
f 1734 1942 1742
f 1742 1942 1950
f 1742 1950 1750
f 1750 1950 1957
f 1750 1957 1757
f 1757 1957 1952
f 1757 1952 1752
f 1752 1952 1944
f 1752 1944 1744
f 1744 1944 1936
f 1744 1936 1736
f 1736 1936 1928
f 1736 1928 1728
f 1728 1928 1920
f 1728 1920 1720
f 1720 1920 1896
f 1720 1896 1712
f 1712 1896 1888
f 1712 1888 1704
f 1704 1888 1880
f 1704 1880 1696
f 1696 1880 1864
f 1696 1864 1688
f 1688 1864 1856
f 1688 1856 1680
f 1680 1856 1844
f 1680 1844 1672
f 1672 1844 1828
f 1672 1828 1664
f 1664 1828 1820
f 1664 1820 1656
f 1656 1820 1804
f 1656 1804 1648
f 1648 1804 1796
f 1648 1796 1640
f 1640 1796 1784
f 1640 1784 1632
f 1632 1784 1776
f 1632 1776 1624
f 1624 1776 1768
f 1624 1768 1616
f 1616 1768 1762
f 1616 1762 1608
f 1608 1762 1610
f 1608 1610 1602
f 1602 1610 1520
f 1602 1520 1598
f 1598 1520 1514
f 1598 1514 1594
f 1594 1514 1506
f 1594 1506 1590
f 1590 1506 1498
f 1590 1498 1586
f 1586 1498 1486
f 1586 1486 1582
f 1582 1486 1478
f 1582 1478 1578
f 1578 1478 1462
f 1578 1462 1574
f 1574 1462 1454
f 1574 1454 1570
f 1570 1454 1438
f 1570 1438 1566
f 1566 1438 1426
f 1566 1426 1562
f 1562 1426 1418
f 1562 1418 1558
f 1558 1418 1402
f 1558 1402 1554
f 1554 1402 1394
f 1554 1394 1550
f 1550 1394 1386
f 1550 1386 1546
f 1546 1386 1362
f 1546 1362 1542
f 1542 1362 1354
f 1542 1354 1538
f 1538 1354 1346
f 1538 1346 1534
f 1534 1346 1338
f 1534 1338 1530
f 1530 1338 1330
f 1530 1330 1526
f 1526 1330 1323
f 1526 1323 1522
f 1323 1151 1156
f 1323 1156 1328
f 1328 1156 1164
f 1328 1164 1336
f 1336 1164 1172
f 1336 1172 1344
f 1344 1172 1188
f 1344 1188 1352
f 1352 1188 1200
f 1352 1200 1360
f 1360 1200 1216
f 1360 1216 1384
f 1384 1216 1232
f 1384 1232 1392
f 1392 1232 1240
f 1392 1240 1400
f 1400 1240 1256
f 1400 1256 1416
f 1416 1256 1272
f 1416 1272 1424
f 1424 1272 1288
f 1424 1288 1436
f 1436 1288 1300
f 1436 1300 1452
f 1452 1300 1316
f 1452 1316 1460
f 1460 1316 1376
f 1460 1376 1476
f 1476 1376 1408
f 1476 1408 1484
f 1484 1408 1444
f 1484 1444 1496
f 1496 1444 1468
f 1496 1468 1504
f 1504 1468 1490
f 1504 1490 1512
f 1512 1490 1510
f 1512 1510 1518
f 1518 1510 1612
f 1518 1612 1604
f 1604 1612 1764
f 1604 1764 1760
f 1760 1764 1788
f 1760 1788 1766
f 1766 1788 1810
f 1766 1810 1774
f 1774 1810 1834
f 1774 1834 1782
f 1782 1834 1870
f 1782 1870 1794
f 1794 1870 1902
f 1794 1902 1802
f 1802 1902 1962
f 1802 1962 1818
f 1818 1962 1978
f 1818 1978 1826
f 1826 1978 1990
f 1826 1990 1842
f 1842 1990 2006
f 1842 2006 1854
f 1854 2006 2022
f 1854 2022 1862
f 1862 2022 2038
f 1862 2038 1878
f 1878 2038 2046
f 1878 2046 1886
f 1886 2046 2062
f 1886 2062 1894
f 1894 2062 2078
f 1894 2078 1918
f 1918 2078 2090
f 1918 2090 1926
f 1926 2090 2106
f 1926 2106 1934
f 1934 2106 2114
f 1934 2114 1942
f 1942 2114 2122
f 1942 2122 1950
f 1950 2122 2129
f 1950 2129 1957
f 1957 2129 2124
f 1957 2124 1952
f 1952 2124 2116
f 1952 2116 1944
f 1944 2116 2108
f 1944 2108 1936
f 1936 2108 2092
f 1936 2092 1928
f 1928 2092 2080
f 1928 2080 1920
f 1920 2080 2064
f 1920 2064 1896
f 1896 2064 2048
f 1896 2048 1888
f 1888 2048 2040
f 1888 2040 1880
f 1880 2040 2024
f 1880 2024 1864
f 1864 2024 2008
f 1864 2008 1856
f 1856 2008 1992
f 1856 1992 1844
f 1844 1992 1980
f 1844 1980 1828
f 1828 1980 1964
f 1828 1964 1820
f 1820 1964 1904
f 1820 1904 1804
f 1804 1904 1872
f 1804 1872 1796
f 1796 1872 1836
f 1796 1836 1784
f 1784 1836 1812
f 1784 1812 1776
f 1776 1812 1790
f 1776 1790 1768
f 1768 1790 1770
f 1768 1770 1762
f 1762 1770 1618
f 1762 1618 1610
f 1610 1618 1516
f 1610 1516 1520
f 1520 1516 1492
f 1520 1492 1514
f 1514 1492 1470
f 1514 1470 1506
f 1506 1470 1446
f 1506 1446 1498
f 1498 1446 1410
f 1498 1410 1486
f 1486 1410 1378
f 1486 1378 1478
f 1478 1378 1318
f 1478 1318 1462
f 1462 1318 1302
f 1462 1302 1454
f 1454 1302 1290
f 1454 1290 1438
f 1438 1290 1274
f 1438 1274 1426
f 1426 1274 1258
f 1426 1258 1418
f 1418 1258 1242
f 1418 1242 1402
f 1402 1242 1234
f 1402 1234 1394
f 1394 1234 1218
f 1394 1218 1386
f 1386 1218 1202
f 1386 1202 1362
f 1362 1202 1190
f 1362 1190 1354
f 1354 1190 1174
f 1354 1174 1346
f 1346 1174 1166
f 1346 1166 1338
f 1338 1166 1158
f 1338 1158 1330
f 1330 1158 1151
f 1330 1151 1323
f 1151 1007 1012
f 1151 1012 1156
f 1156 1012 1020
f 1156 1020 1164
f 1164 1020 1028
f 1164 1028 1172
f 1172 1028 1044
f 1172 1044 1188
f 1188 1044 1060
f 1188 1060 1200
f 1200 1060 1068
f 1200 1068 1216
f 1216 1068 1096
f 1216 1096 1232
f 1232 1096 1104
f 1232 1104 1240
f 1240 1104 1120
f 1240 1120 1256
f 1256 1120 1136
f 1256 1136 1272
f 1272 1136 1180
f 1272 1180 1288
f 1288 1180 1224
f 1288 1224 1300
f 1300 1224 1248
f 1300 1248 1316
f 1316 1248 1280
f 1316 1280 1376
f 1376 1280 1308
f 1376 1308 1408
f 1408 1308 1368
f 1408 1368 1444
f 1444 1368 1430
f 1444 1430 1468
f 1468 1430 1466
f 1468 1466 1490
f 1490 1466 1502
f 1490 1502 1510
f 1510 1502 1620
f 1510 1620 1612
f 1612 1620 1772
f 1612 1772 1764
f 1764 1772 1808
f 1764 1808 1788
f 1788 1808 1848
f 1788 1848 1810
f 1810 1848 1910
f 1810 1910 1834
f 1834 1910 1970
f 1834 1970 1870
f 1870 1970 1998
f 1870 1998 1902
f 1902 1998 2030
f 1902 2030 1962
f 1962 2030 2054
f 1962 2054 1978
f 1978 2054 2098
f 1978 2098 1990
f 1990 2098 2142
f 1990 2142 2006
f 2006 2142 2158
f 2006 2158 2022
f 2022 2158 2174
f 2022 2174 2038
f 2038 2174 2182
f 2038 2182 2046
f 2046 2182 2210
f 2046 2210 2062
f 2062 2210 2218
f 2062 2218 2078
f 2078 2218 2234
f 2078 2234 2090
f 2090 2234 2250
f 2090 2250 2106
f 2106 2250 2258
f 2106 2258 2114
f 2114 2258 2266
f 2114 2266 2122
f 2122 2266 2273
f 2122 2273 2129
f 2129 2273 2268
f 2129 2268 2124
f 2124 2268 2260
f 2124 2260 2116
f 2116 2260 2252
f 2116 2252 2108
f 2108 2252 2236
f 2108 2236 2092
f 2092 2236 2220
f 2092 2220 2080
f 2080 2220 2212
f 2080 2212 2064
f 2064 2212 2184
f 2064 2184 2048
f 2048 2184 2176
f 2048 2176 2040
f 2040 2176 2160
f 2040 2160 2024
f 2024 2160 2144
f 2024 2144 2008
f 2008 2144 2100
f 2008 2100 1992
f 1992 2100 2056
f 1992 2056 1980
f 1980 2056 2032
f 1980 2032 1964
f 1964 2032 2000
f 1964 2000 1904
f 1904 2000 1972
f 1904 1972 1872
f 1872 1972 1912
f 1872 1912 1836
f 1836 1912 1850
f 1836 1850 1812
f 1812 1850 1814
f 1812 1814 1790
f 1790 1814 1778
f 1790 1778 1770
f 1770 1778 1626
f 1770 1626 1618
f 1618 1626 1508
f 1618 1508 1516
f 1516 1508 1472
f 1516 1472 1492
f 1492 1472 1432
f 1492 1432 1470
f 1470 1432 1370
f 1470 1370 1446
f 1446 1370 1310
f 1446 1310 1410
f 1410 1310 1282
f 1410 1282 1378
f 1378 1282 1250
f 1378 1250 1318
f 1318 1250 1226
f 1318 1226 1302
f 1302 1226 1182
f 1302 1182 1290
f 1290 1182 1138
f 1290 1138 1274
f 1274 1138 1122
f 1274 1122 1258
f 1258 1122 1106
f 1258 1106 1242
f 1242 1106 1098
f 1242 1098 1234
f 1234 1098 1070
f 1234 1070 1218
f 1218 1070 1062
f 1218 1062 1202
f 1202 1062 1046
f 1202 1046 1190
f 1190 1046 1030
f 1190 1030 1174
f 1174 1030 1022
f 1174 1022 1166
f 1166 1022 1014
f 1166 1014 1158
f 1158 1014 1007
f 1158 1007 1151
f 1007 871 876
f 1007 876 1012
f 1012 876 892
f 1012 892 1020
f 1020 892 900
f 1020 900 1028
f 1028 900 916
f 1028 916 1044
f 1044 916 932
f 1044 932 1060
f 1060 932 940
f 1060 940 1068
f 1068 940 968
f 1068 968 1096
f 1096 968 976
f 1096 976 1104
f 1104 976 1000
f 1104 1000 1120
f 1120 1000 1052
f 1120 1052 1136
f 1136 1052 1080
f 1136 1080 1180
f 1180 1080 1112
f 1180 1112 1224
f 1224 1112 1144
f 1224 1144 1248
f 1248 1144 1208
f 1248 1208 1280
f 1280 1208 1264
f 1280 1264 1308
f 1308 1264 1294
f 1308 1294 1368
f 1368 1294 1366
f 1368 1366 1430
f 1430 1366 1442
f 1430 1442 1466
f 1466 1442 1494
f 1466 1494 1502
f 1502 1494 1628
f 1502 1628 1620
f 1620 1628 1780
f 1620 1780 1772
f 1772 1780 1832
f 1772 1832 1808
f 1808 1832 1908
f 1808 1908 1848
f 1848 1908 1984
f 1848 1984 1910
f 1910 1984 2014
f 1910 2014 1970
f 1970 2014 2070
f 1970 2070 1998
f 1998 2070 2134
f 1998 2134 2030
f 2030 2134 2166
f 2030 2166 2054
f 2054 2166 2198
f 2054 2198 2098
f 2098 2198 2226
f 2098 2226 2142
f 2142 2226 2278
f 2142 2278 2158
f 2158 2278 2302
f 2158 2302 2174
f 2174 2302 2310
f 2174 2310 2182
f 2182 2310 2338
f 2182 2338 2210
f 2210 2338 2346
f 2210 2346 2218
f 2218 2346 2362
f 2218 2362 2234
f 2234 2362 2378
f 2234 2378 2250
f 2250 2378 2386
f 2250 2386 2258
f 2258 2386 2402
f 2258 2402 2266
f 2266 2402 2409
f 2266 2409 2273
f 2273 2409 2404
f 2273 2404 2268
f 2268 2404 2388
f 2268 2388 2260
f 2260 2388 2380
f 2260 2380 2252
f 2252 2380 2364
f 2252 2364 2236
f 2236 2364 2348
f 2236 2348 2220
f 2220 2348 2340
f 2220 2340 2212
f 2212 2340 2312
f 2212 2312 2184
f 2184 2312 2304
f 2184 2304 2176
f 2176 2304 2280
f 2176 2280 2160
f 2160 2280 2228
f 2160 2228 2144
f 2144 2228 2200
f 2144 2200 2100
f 2100 2200 2168
f 2100 2168 2056
f 2056 2168 2136
f 2056 2136 2032
f 2032 2136 2072
f 2032 2072 2000
f 2000 2072 2016
f 2000 2016 1972
f 1972 2016 1986
f 1972 1986 1912
f 1912 1986 1914
f 1912 1914 1850
f 1850 1914 1838
f 1850 1838 1814
f 1814 1838 1786
f 1814 1786 1778
f 1778 1786 1634
f 1778 1634 1626
f 1626 1634 1500
f 1626 1500 1508
f 1508 1500 1448
f 1508 1448 1472
f 1472 1448 1372
f 1472 1372 1432
f 1432 1372 1296
f 1432 1296 1370
f 1370 1296 1266
f 1370 1266 1310
f 1310 1266 1210
f 1310 1210 1282
f 1282 1210 1146
f 1282 1146 1250
f 1250 1146 1114
f 1250 1114 1226
f 1226 1114 1082
f 1226 1082 1182
f 1182 1082 1054
f 1182 1054 1138
f 1138 1054 1002
f 1138 1002 1122
f 1122 1002 978
f 1122 978 1106
f 1106 978 970
f 1106 970 1098
f 1098 970 942
f 1098 942 1070
f 1070 942 934
f 1070 934 1062
f 1062 934 918
f 1062 918 1046
f 1046 918 902
f 1046 902 1030
f 1030 902 894
f 1030 894 1022
f 1022 894 878
f 1022 878 1014
f 1014 878 871
f 1014 871 1007
f 871 751 764
f 871 764 876
f 876 764 772
f 876 772 892
f 892 772 780
f 892 780 900
f 900 780 804
f 900 804 916
f 916 804 812
f 916 812 932
f 932 812 832
f 932 832 940
f 940 832 848
f 940 848 968
f 968 848 864
f 968 864 976
f 976 864 924
f 976 924 1000
f 1000 924 952
f 1000 952 1052
f 1052 952 984
f 1052 984 1080
f 1080 984 1036
f 1080 1036 1112
f 1112 1036 1088
f 1112 1088 1144
f 1144 1088 1128
f 1144 1128 1208
f 1208 1128 1194
f 1208 1194 1264
f 1264 1194 1262
f 1264 1262 1294
f 1294 1262 1306
f 1294 1306 1366
f 1366 1306 1406
f 1366 1406 1442
f 1442 1406 1482
f 1442 1482 1494
f 1494 1482 1636
f 1494 1636 1628
f 1628 1636 1792
f 1628 1792 1780
f 1780 1792 1868
f 1780 1868 1832
f 1832 1868 1968
f 1832 1968 1908
f 1908 1968 2012
f 1908 2012 1984
f 1984 2012 2084
f 1984 2084 2014
f 2014 2084 2150
f 2014 2150 2070
f 2070 2150 2190
f 2070 2190 2134
f 2134 2190 2242
f 2134 2242 2166
f 2166 2242 2294
f 2166 2294 2198
f 2198 2294 2326
f 2198 2326 2226
f 2226 2326 2354
f 2226 2354 2278
f 2278 2354 2414
f 2278 2414 2302
f 2302 2414 2430
f 2302 2430 2310
f 2310 2430 2446
f 2310 2446 2338
f 2338 2446 2466
f 2338 2466 2346
f 2346 2466 2474
f 2346 2474 2362
f 2362 2474 2498
f 2362 2498 2378
f 2378 2498 2506
f 2378 2506 2386
f 2386 2506 2514
f 2386 2514 2402
f 2402 2514 2529
f 2402 2529 2409
f 2409 2529 2516
f 2409 2516 2404
f 2404 2516 2508
f 2404 2508 2388
f 2388 2508 2500
f 2388 2500 2380
f 2380 2500 2476
f 2380 2476 2364
f 2364 2476 2468
f 2364 2468 2348
f 2348 2468 2448
f 2348 2448 2340
f 2340 2448 2432
f 2340 2432 2312
f 2312 2432 2416
f 2312 2416 2304
f 2304 2416 2356
f 2304 2356 2280
f 2280 2356 2328
f 2280 2328 2228
f 2228 2328 2296
f 2228 2296 2200
f 2200 2296 2244
f 2200 2244 2168
f 2168 2244 2192
f 2168 2192 2136
f 2136 2192 2152
f 2136 2152 2072
f 2072 2152 2086
f 2072 2086 2016
f 2016 2086 2018
f 2016 2018 1986
f 1986 2018 1974
f 1986 1974 1914
f 1914 1974 1874
f 1914 1874 1838
f 1838 1874 1798
f 1838 1798 1786
f 1786 1798 1642
f 1786 1642 1634
f 1634 1642 1488
f 1634 1488 1500
f 1500 1488 1412
f 1500 1412 1448
f 1448 1412 1312
f 1448 1312 1372
f 1372 1312 1268
f 1372 1268 1296
f 1296 1268 1196
f 1296 1196 1266
f 1266 1196 1130
f 1266 1130 1210
f 1210 1130 1090
f 1210 1090 1146
f 1146 1090 1038
f 1146 1038 1114
f 1114 1038 986
f 1114 986 1082
f 1082 986 954
f 1082 954 1054
f 1054 954 926
f 1054 926 1002
f 1002 926 866
f 1002 866 978
f 978 866 850
f 978 850 970
f 970 850 834
f 970 834 942
f 942 834 814
f 942 814 934
f 934 814 806
f 934 806 918
f 918 806 782
f 918 782 902
f 902 782 774
f 902 774 894
f 894 774 766
f 894 766 878
f 878 766 751
f 878 751 871
f 751 647 652
f 751 652 764
f 764 652 660
f 764 660 772
f 772 660 684
f 772 684 780
f 780 684 692
f 780 692 804
f 804 692 712
f 804 712 812
f 812 712 728
f 812 728 832
f 832 728 744
f 832 744 848
f 848 744 796
f 848 796 864
f 864 796 824
f 864 824 924
f 924 824 856
f 924 856 952
f 952 856 908
f 952 908 984
f 984 908 960
f 984 960 1036
f 1036 960 992
f 1036 992 1088
f 1088 992 1074
f 1088 1074 1128
f 1128 1074 1126
f 1128 1126 1194
f 1194 1126 1206
f 1194 1206 1262
f 1262 1206 1278
f 1262 1278 1306
f 1306 1278 1374
f 1306 1374 1406
f 1406 1374 1474
f 1406 1474 1482
f 1482 1474 1644
f 1482 1644 1636
f 1636 1644 1800
f 1636 1800 1792
f 1792 1800 1900
f 1792 1900 1868
f 1868 1900 1996
f 1868 1996 1968
f 1968 1996 2068
f 1968 2068 2012
f 2012 2068 2148
f 2012 2148 2084
f 2084 2148 2204
f 2084 2204 2150
f 2150 2204 2286
f 2150 2286 2190
f 2190 2286 2318
f 2190 2318 2242
f 2242 2318 2370
f 2242 2370 2294
f 2294 2370 2422
f 2294 2422 2326
f 2326 2422 2454
f 2326 2454 2354
f 2354 2454 2482
f 2354 2482 2414
f 2414 2482 2534
f 2414 2534 2430
f 2430 2534 2550
f 2430 2550 2446
f 2446 2550 2566
f 2446 2566 2466
f 2466 2566 2586
f 2466 2586 2474
f 2474 2586 2594
f 2474 2594 2498
f 2498 2594 2618
f 2498 2618 2506
f 2506 2618 2626
f 2506 2626 2514
f 2514 2626 2633
f 2514 2633 2529
f 2529 2633 2628
f 2529 2628 2516
f 2516 2628 2620
f 2516 2620 2508
f 2508 2620 2596
f 2508 2596 2500
f 2500 2596 2588
f 2500 2588 2476
f 2476 2588 2568
f 2476 2568 2468
f 2468 2568 2552
f 2468 2552 2448
f 2448 2552 2536
f 2448 2536 2432
f 2432 2536 2484
f 2432 2484 2416
f 2416 2484 2456
f 2416 2456 2356
f 2356 2456 2424
f 2356 2424 2328
f 2328 2424 2372
f 2328 2372 2296
f 2296 2372 2320
f 2296 2320 2244
f 2244 2320 2288
f 2244 2288 2192
f 2192 2288 2206
f 2192 2206 2152
f 2152 2206 2154
f 2152 2154 2086
f 2086 2154 2074
f 2086 2074 2018
f 2018 2074 2002
f 2018 2002 1974
f 1974 2002 1906
f 1974 1906 1874
f 1874 1906 1806
f 1874 1806 1798
f 1798 1806 1650
f 1798 1650 1642
f 1642 1650 1480
f 1642 1480 1488
f 1488 1480 1380
f 1488 1380 1412
f 1412 1380 1284
f 1412 1284 1312
f 1312 1284 1212
f 1312 1212 1268
f 1268 1212 1132
f 1268 1132 1196
f 1196 1132 1076
f 1196 1076 1130
f 1130 1076 994
f 1130 994 1090
f 1090 994 962
f 1090 962 1038
f 1038 962 910
f 1038 910 986
f 986 910 858
f 986 858 954
f 954 858 826
f 954 826 926
f 926 826 798
f 926 798 866
f 866 798 746
f 866 746 850
f 850 746 730
f 850 730 834
f 834 730 714
f 834 714 814
f 814 714 694
f 814 694 806
f 806 694 686
f 806 686 782
f 782 686 662
f 782 662 774
f 774 662 654
f 774 654 766
f 766 654 647
f 766 647 751
f 647 559 564
f 647 564 652
f 652 564 572
f 652 572 660
f 660 572 580
f 660 580 684
f 684 580 600
f 684 600 692
f 692 600 616
f 692 616 712
f 712 616 632
f 712 632 728
f 728 632 676
f 728 676 744
f 744 676 700
f 744 700 796
f 796 700 736
f 796 736 824
f 824 736 788
f 824 788 856
f 856 788 840
f 856 840 908
f 908 840 884
f 908 884 960
f 960 884 946
f 960 946 992
f 992 946 990
f 992 990 1074
f 1074 990 1086
f 1074 1086 1126
f 1126 1086 1142
f 1126 1142 1206
f 1206 1142 1246
f 1206 1246 1278
f 1278 1246 1314
f 1278 1314 1374
f 1374 1314 1458
f 1374 1458 1474
f 1474 1458 1652
f 1474 1652 1644
f 1644 1652 1816
f 1644 1816 1800
f 1800 1816 1960
f 1800 1960 1900
f 1900 1960 2028
f 1900 2028 1996
f 1996 2028 2132
f 1996 2132 2068
f 2068 2132 2188
f 2068 2188 2148
f 2148 2188 2284
f 2148 2284 2204
f 2204 2284 2332
f 2204 2332 2286
f 2286 2332 2394
f 2286 2394 2318
f 2318 2394 2438
f 2318 2438 2370
f 2370 2438 2490
f 2370 2490 2422
f 2422 2490 2542
f 2422 2542 2454
f 2454 2542 2578
f 2454 2578 2482
f 2482 2578 2602
f 2482 2602 2534
f 2534 2602 2646
f 2534 2646 2550
f 2550 2646 2662
f 2550 2662 2566
f 2566 2662 2678
f 2566 2678 2586
f 2586 2678 2698
f 2586 2698 2594
f 2594 2698 2706
f 2594 2706 2618
f 2618 2706 2714
f 2618 2714 2626
f 2626 2714 2721
f 2626 2721 2633
f 2633 2721 2716
f 2633 2716 2628
f 2628 2716 2708
f 2628 2708 2620
f 2620 2708 2700
f 2620 2700 2596
f 2596 2700 2680
f 2596 2680 2588
f 2588 2680 2664
f 2588 2664 2568
f 2568 2664 2648
f 2568 2648 2552
f 2552 2648 2604
f 2552 2604 2536
f 2536 2604 2580
f 2536 2580 2484
f 2484 2580 2544
f 2484 2544 2456
f 2456 2544 2492
f 2456 2492 2424
f 2424 2492 2440
f 2424 2440 2372
f 2372 2440 2396
f 2372 2396 2320
f 2320 2396 2334
f 2320 2334 2288
f 2288 2334 2290
f 2288 2290 2206
f 2206 2290 2194
f 2206 2194 2154
f 2154 2194 2138
f 2154 2138 2074
f 2074 2138 2034
f 2074 2034 2002
f 2002 2034 1966
f 2002 1966 1906
f 1906 1966 1822
f 1906 1822 1806
f 1806 1822 1658
f 1806 1658 1650
f 1650 1658 1464
f 1650 1464 1480
f 1480 1464 1320
f 1480 1320 1380
f 1380 1320 1252
f 1380 1252 1284
f 1284 1252 1148
f 1284 1148 1212
f 1212 1148 1092
f 1212 1092 1132
f 1132 1092 996
f 1132 996 1076
f 1076 996 948
f 1076 948 994
f 994 948 886
f 994 886 962
f 962 886 842
f 962 842 910
f 910 842 790
f 910 790 858
f 858 790 738
f 858 738 826
f 826 738 702
f 826 702 798
f 798 702 678
f 798 678 746
f 746 678 634
f 746 634 730
f 730 634 618
f 730 618 714
f 714 618 602
f 714 602 694
f 694 602 582
f 694 582 686
f 686 582 574
f 686 574 662
f 662 574 566
f 662 566 654
f 654 566 559
f 654 559 647
f 559 463 468
f 559 468 564
f 564 468 476
f 564 476 572
f 572 476 504
f 572 504 580
f 580 504 512
f 580 512 600
f 600 512 528
f 600 528 616
f 616 528 552
f 616 552 632
f 632 552 588
f 632 588 676
f 676 588 624
f 676 624 700
f 700 624 668
f 700 668 736
f 736 668 720
f 736 720 788
f 788 720 756
f 788 756 840
f 840 756 818
f 840 818 884
f 884 818 882
f 884 882 946
f 946 882 958
f 946 958 990
f 990 958 1034
f 990 1034 1086
f 1086 1034 1110
f 1086 1110 1142
f 1142 1110 1222
f 1142 1222 1246
f 1246 1222 1298
f 1246 1298 1314
f 1314 1298 1450
f 1314 1450 1458
f 1458 1450 1660
f 1458 1660 1652
f 1652 1660 1824
f 1652 1824 1816
f 1816 1824 1976
f 1816 1976 1960
f 1960 1976 2052
f 1960 2052 2028
f 2028 2052 2164
f 2028 2164 2132
f 2132 2164 2240
f 2132 2240 2188
f 2188 2240 2316
f 2188 2316 2284
f 2284 2316 2392
f 2284 2392 2332
f 2332 2392 2460
f 2332 2460 2394
f 2394 2460 2522
f 2394 2522 2438
f 2438 2522 2558
f 2438 2558 2490
f 2490 2558 2610
f 2490 2610 2542
f 2542 2610 2654
f 2542 2654 2578
f 2578 2654 2690
f 2578 2690 2602
f 2602 2690 2726
f 2602 2726 2646
f 2646 2726 2750
f 2646 2750 2662
f 2662 2750 2766
f 2662 2766 2678
f 2678 2766 2774
f 2678 2774 2698
f 2698 2774 2802
f 2698 2802 2706
f 2706 2802 2810
f 2706 2810 2714
f 2714 2810 2817
f 2714 2817 2721
f 2721 2817 2812
f 2721 2812 2716
f 2716 2812 2804
f 2716 2804 2708
f 2708 2804 2776
f 2708 2776 2700
f 2700 2776 2768
f 2700 2768 2680
f 2680 2768 2752
f 2680 2752 2664
f 2664 2752 2728
f 2664 2728 2648
f 2648 2728 2692
f 2648 2692 2604
f 2604 2692 2656
f 2604 2656 2580
f 2580 2656 2612
f 2580 2612 2544
f 2544 2612 2560
f 2544 2560 2492
f 2492 2560 2524
f 2492 2524 2440
f 2440 2524 2462
f 2440 2462 2396
f 2396 2462 2398
f 2396 2398 2334
f 2334 2398 2322
f 2334 2322 2290
f 2290 2322 2246
f 2290 2246 2194
f 2194 2246 2170
f 2194 2170 2138
f 2138 2170 2058
f 2138 2058 2034
f 2034 2058 1982
f 2034 1982 1966
f 1966 1982 1830
f 1966 1830 1822
f 1822 1830 1666
f 1822 1666 1658
f 1658 1666 1456
f 1658 1456 1464
f 1464 1456 1304
f 1464 1304 1320
f 1320 1304 1228
f 1320 1228 1252
f 1252 1228 1116
f 1252 1116 1148
f 1148 1116 1040
f 1148 1040 1092
f 1092 1040 964
f 1092 964 996
f 996 964 888
f 996 888 948
f 948 888 820
f 948 820 886
f 886 820 758
f 886 758 842
f 842 758 722
f 842 722 790
f 790 722 670
f 790 670 738
f 738 670 626
f 738 626 702
f 702 626 590
f 702 590 678
f 678 590 554
f 678 554 634
f 634 554 530
f 634 530 618
f 618 530 514
f 618 514 602
f 602 514 506
f 602 506 582
f 582 506 478
f 582 478 574
f 574 478 470
f 574 470 566
f 566 470 463
f 566 463 559
f 463 387 400
f 463 400 468
f 468 400 408
f 468 408 476
f 476 408 416
f 476 416 504
f 504 416 432
f 504 432 512
f 512 432 456
f 512 456 528
f 528 456 484
f 528 484 552
f 552 484 520
f 552 520 588
f 588 520 544
f 588 544 624
f 624 544 608
f 624 608 668
f 668 608 640
f 668 640 720
f 720 640 706
f 720 706 756
f 756 706 754
f 756 754 818
f 818 754 838
f 818 838 882
f 882 838 906
f 882 906 958
f 958 906 982
f 958 982 1034
f 1034 982 1078
f 1034 1078 1110
f 1110 1078 1178
f 1110 1178 1222
f 1222 1178 1286
f 1222 1286 1298
f 1298 1286 1434
f 1298 1434 1450
f 1450 1434 1668
f 1450 1668 1660
f 1660 1668 1840
f 1660 1840 1824
f 1824 1840 1988
f 1824 1988 1976
f 1976 1988 2096
f 1976 2096 2052
f 2052 2096 2196
f 2052 2196 2164
f 2164 2196 2292
f 2164 2292 2240
f 2240 2292 2368
f 2240 2368 2316
f 2316 2368 2436
f 2316 2436 2392
f 2392 2436 2520
f 2392 2520 2460
f 2460 2520 2572
f 2460 2572 2522
f 2522 2572 2638
f 2522 2638 2558
f 2558 2638 2670
f 2558 2670 2610
f 2610 2670 2734
f 2610 2734 2654
f 2654 2734 2758
f 2654 2758 2690
f 2690 2758 2794
f 2690 2794 2726
f 2726 2794 2822
f 2726 2822 2750
f 2750 2822 2846
f 2750 2846 2766
f 2766 2846 2862
f 2766 2862 2774
f 2774 2862 2870
f 2774 2870 2802
f 2802 2870 2878
f 2802 2878 2810
f 2810 2878 2893
f 2810 2893 2817
f 2817 2893 2880
f 2817 2880 2812
f 2812 2880 2872
f 2812 2872 2804
f 2804 2872 2864
f 2804 2864 2776
f 2776 2864 2848
f 2776 2848 2768
f 2768 2848 2824
f 2768 2824 2752
f 2752 2824 2796
f 2752 2796 2728
f 2728 2796 2760
f 2728 2760 2692
f 2692 2760 2736
f 2692 2736 2656
f 2656 2736 2672
f 2656 2672 2612
f 2612 2672 2640
f 2612 2640 2560
f 2560 2640 2574
f 2560 2574 2524
f 2524 2574 2526
f 2524 2526 2462
f 2462 2526 2442
f 2462 2442 2398
f 2398 2442 2374
f 2398 2374 2322
f 2322 2374 2298
f 2322 2298 2246
f 2246 2298 2202
f 2246 2202 2170
f 2170 2202 2102
f 2170 2102 2058
f 2058 2102 1994
f 2058 1994 1982
f 1982 1994 1846
f 1982 1846 1830
f 1830 1846 1674
f 1830 1674 1666
f 1666 1674 1440
f 1666 1440 1456
f 1456 1440 1292
f 1456 1292 1304
f 1304 1292 1184
f 1304 1184 1228
f 1228 1184 1084
f 1228 1084 1116
f 1116 1084 988
f 1116 988 1040
f 1040 988 912
f 1040 912 964
f 964 912 844
f 964 844 888
f 888 844 760
f 888 760 820
f 820 760 708
f 820 708 758
f 758 708 642
f 758 642 722
f 722 642 610
f 722 610 670
f 670 610 546
f 670 546 626
f 626 546 522
f 626 522 590
f 590 522 486
f 590 486 554
f 554 486 458
f 554 458 530
f 530 458 434
f 530 434 514
f 514 434 418
f 514 418 506
f 506 418 410
f 506 410 478
f 478 410 402
f 478 402 470
f 470 402 387
f 470 387 463
f 387 315 320
f 387 320 400
f 400 320 336
f 400 336 408
f 408 336 352
f 408 352 416
f 416 352 368
f 416 368 432
f 432 368 380
f 432 380 456
f 456 380 424
f 456 424 484
f 484 424 448
f 484 448 520
f 520 448 496
f 520 496 544
f 544 496 536
f 544 536 608
f 608 536 594
f 608 594 640
f 640 594 638
f 640 638 706
f 706 638 718
f 706 718 754
f 754 718 786
f 754 786 838
f 838 786 854
f 838 854 906
f 906 854 950
f 906 950 982
f 982 950 1050
f 982 1050 1078
f 1078 1050 1134
f 1078 1134 1178
f 1178 1134 1270
f 1178 1270 1286
f 1286 1270 1422
f 1286 1422 1434
f 1434 1422 1676
f 1434 1676 1668
f 1668 1676 1852
f 1668 1852 1840
f 1840 1852 2004
f 1840 2004 1988
f 1988 2004 2140
f 1988 2140 2096
f 2096 2140 2224
f 2096 2224 2196
f 2196 2224 2324
f 2196 2324 2292
f 2292 2324 2420
f 2292 2420 2368
f 2368 2420 2488
f 2368 2488 2436
f 2436 2488 2556
f 2436 2556 2520
f 2520 2556 2636
f 2520 2636 2572
f 2572 2636 2684
f 2572 2684 2638
f 2638 2684 2742
f 2638 2742 2670
f 2670 2742 2782
f 2670 2782 2734
f 2734 2782 2830
f 2734 2830 2758
f 2758 2830 2854
f 2758 2854 2794
f 2794 2854 2898
f 2794 2898 2822
f 2822 2898 2910
f 2822 2910 2846
f 2846 2910 2926
f 2846 2926 2862
f 2862 2926 2942
f 2862 2942 2870
f 2870 2942 2958
f 2870 2958 2878
f 2878 2958 2965
f 2878 2965 2893
f 2893 2965 2960
f 2893 2960 2880
f 2880 2960 2944
f 2880 2944 2872
f 2872 2944 2928
f 2872 2928 2864
f 2864 2928 2912
f 2864 2912 2848
f 2848 2912 2900
f 2848 2900 2824
f 2824 2900 2856
f 2824 2856 2796
f 2796 2856 2832
f 2796 2832 2760
f 2760 2832 2784
f 2760 2784 2736
f 2736 2784 2744
f 2736 2744 2672
f 2672 2744 2686
f 2672 2686 2640
f 2640 2686 2642
f 2640 2642 2574
f 2574 2642 2562
f 2574 2562 2526
f 2526 2562 2494
f 2526 2494 2442
f 2442 2494 2426
f 2442 2426 2374
f 2374 2426 2330
f 2374 2330 2298
f 2298 2330 2230
f 2298 2230 2202
f 2202 2230 2146
f 2202 2146 2102
f 2102 2146 2010
f 2102 2010 1994
f 1994 2010 1858
f 1994 1858 1846
f 1846 1858 1682
f 1846 1682 1674
f 1674 1682 1428
f 1674 1428 1440
f 1440 1428 1276
f 1440 1276 1292
f 1292 1276 1140
f 1292 1140 1184
f 1184 1140 1056
f 1184 1056 1084
f 1084 1056 956
f 1084 956 988
f 988 956 860
f 988 860 912
f 912 860 792
f 912 792 844
f 844 792 724
f 844 724 760
f 760 724 644
f 760 644 708
f 708 644 596
f 708 596 642
f 642 596 538
f 642 538 610
f 610 538 498
f 610 498 546
f 546 498 450
f 546 450 522
f 522 450 426
f 522 426 486
f 486 426 382
f 486 382 458
f 458 382 370
f 458 370 434
f 434 370 354
f 434 354 418
f 418 354 338
f 418 338 410
f 410 338 322
f 410 322 402
f 402 322 315
f 402 315 387
f 315 251 264
f 315 264 320
f 320 264 272
f 320 272 336
f 336 272 288
f 336 288 352
f 352 288 300
f 352 300 368
f 368 300 328
f 368 328 380
f 380 328 360
f 380 360 424
f 424 360 392
f 424 392 448
f 448 392 440
f 448 440 496
f 496 440 490
f 496 490 536
f 536 490 534
f 536 534 594
f 594 534 606
f 594 606 638
f 638 606 666
f 638 666 718
f 718 666 734
f 718 734 786
f 786 734 822
f 786 822 854
f 854 822 922
f 854 922 950
f 950 922 998
f 950 998 1050
f 1050 998 1118
f 1050 1118 1134
f 1134 1118 1254
f 1134 1254 1270
f 1270 1254 1414
f 1270 1414 1422
f 1422 1414 1684
f 1422 1684 1676
f 1676 1684 1860
f 1676 1860 1852
f 1852 1860 2020
f 1852 2020 2004
f 2004 2020 2156
f 2004 2156 2140
f 2140 2156 2276
f 2140 2276 2224
f 2224 2276 2352
f 2224 2352 2324
f 2324 2352 2452
f 2324 2452 2420
f 2420 2452 2540
f 2420 2540 2488
f 2488 2540 2608
f 2488 2608 2556
f 2556 2608 2668
f 2556 2668 2636
f 2636 2668 2740
f 2636 2740 2684
f 2684 2740 2788
f 2684 2788 2742
f 2742 2788 2838
f 2742 2838 2782
f 2782 2838 2886
f 2782 2886 2830
f 2830 2886 2918
f 2830 2918 2854
f 2854 2918 2950
f 2854 2950 2898
f 2898 2950 2978
f 2898 2978 2910
f 2910 2978 2990
f 2910 2990 2926
f 2926 2990 3006
f 2926 3006 2942
f 2942 3006 3014
f 2942 3014 2958
f 2958 3014 3029
f 2958 3029 2965
f 2965 3029 3016
f 2965 3016 2960
f 2960 3016 3008
f 2960 3008 2944
f 2944 3008 2992
f 2944 2992 2928
f 2928 2992 2980
f 2928 2980 2912
f 2912 2980 2952
f 2912 2952 2900
f 2900 2952 2920
f 2900 2920 2856
f 2856 2920 2888
f 2856 2888 2832
f 2832 2888 2840
f 2832 2840 2784
f 2784 2840 2790
f 2784 2790 2744
f 2744 2790 2746
f 2744 2746 2686
f 2686 2746 2674
f 2686 2674 2642
f 2642 2674 2614
f 2642 2614 2562
f 2562 2614 2546
f 2562 2546 2494
f 2494 2546 2458
f 2494 2458 2426
f 2426 2458 2358
f 2426 2358 2330
f 2330 2358 2282
f 2330 2282 2230
f 2230 2282 2162
f 2230 2162 2146
f 2146 2162 2026
f 2146 2026 2010
f 2010 2026 1866
f 2010 1866 1858
f 1858 1866 1690
f 1858 1690 1682
f 1682 1690 1420
f 1682 1420 1428
f 1428 1420 1260
f 1428 1260 1276
f 1276 1260 1124
f 1276 1124 1140
f 1140 1124 1004
f 1140 1004 1056
f 1056 1004 928
f 1056 928 956
f 956 928 828
f 956 828 860
f 860 828 740
f 860 740 792
f 792 740 672
f 792 672 724
f 724 672 612
f 724 612 644
f 644 612 540
f 644 540 596
f 596 540 492
f 596 492 538
f 538 492 442
f 538 442 498
f 498 442 394
f 498 394 450
f 450 394 362
f 450 362 426
f 426 362 330
f 426 330 382
f 382 330 302
f 382 302 370
f 370 302 290
f 370 290 354
f 354 290 274
f 354 274 338
f 338 274 266
f 338 266 322
f 322 266 251
f 322 251 315
f 251 203 208
f 251 208 264
f 264 208 216
f 264 216 272
f 272 216 236
f 272 236 288
f 288 236 244
f 288 244 300
f 300 244 280
f 300 280 328
f 328 280 308
f 328 308 360
f 360 308 344
f 360 344 392
f 392 344 374
f 392 374 440
f 440 374 438
f 440 438 490
f 490 438 494
f 490 494 534
f 534 494 542
f 534 542 606
f 606 542 622
f 606 622 666
f 666 622 698
f 666 698 734
f 734 698 794
f 734 794 822
f 822 794 862
f 822 862 922
f 922 862 974
f 922 974 998
f 998 974 1102
f 998 1102 1118
f 1118 1102 1238
f 1118 1238 1254
f 1254 1238 1398
f 1254 1398 1414
f 1414 1398 1692
f 1414 1692 1684
f 1684 1692 1876
f 1684 1876 1860
f 1860 1876 2036
f 1860 2036 2020
f 2020 2036 2172
f 2020 2172 2156
f 2156 2172 2300
f 2156 2300 2276
f 2276 2300 2412
f 2276 2412 2352
f 2352 2412 2480
f 2352 2480 2452
f 2452 2480 2576
f 2452 2576 2540
f 2540 2576 2652
f 2540 2652 2608
f 2608 2652 2732
f 2608 2732 2668
f 2668 2732 2780
f 2668 2780 2740
f 2740 2780 2836
f 2740 2836 2788
f 2788 2836 2904
f 2788 2904 2838
f 2838 2904 2934
f 2838 2934 2886
f 2886 2934 2970
f 2886 2970 2918
f 2918 2970 2998
f 2918 2998 2950
f 2950 2998 3034
f 2950 3034 2978
f 2978 3034 3042
f 2978 3042 2990
f 2990 3042 3062
f 2990 3062 3006
f 3006 3062 3070
f 3006 3070 3014
f 3014 3070 3077
f 3014 3077 3029
f 3029 3077 3072
f 3029 3072 3016
f 3016 3072 3064
f 3016 3064 3008
f 3008 3064 3044
f 3008 3044 2992
f 2992 3044 3036
f 2992 3036 2980
f 2980 3036 3000
f 2980 3000 2952
f 2952 3000 2972
f 2952 2972 2920
f 2920 2972 2936
f 2920 2936 2888
f 2888 2936 2906
f 2888 2906 2840
f 2840 2906 2842
f 2840 2842 2790
f 2790 2842 2786
f 2790 2786 2746
f 2746 2786 2738
f 2746 2738 2674
f 2674 2738 2658
f 2674 2658 2614
f 2614 2658 2582
f 2614 2582 2546
f 2546 2582 2486
f 2546 2486 2458
f 2458 2486 2418
f 2458 2418 2358
f 2358 2418 2306
f 2358 2306 2282
f 2282 2306 2178
f 2282 2178 2162
f 2162 2178 2042
f 2162 2042 2026
f 2026 2042 1882
f 2026 1882 1866
f 1866 1882 1698
f 1866 1698 1690
f 1690 1698 1404
f 1690 1404 1420
f 1420 1404 1244
f 1420 1244 1260
f 1260 1244 1108
f 1260 1108 1124
f 1124 1108 980
f 1124 980 1004
f 1004 980 868
f 1004 868 928
f 928 868 800
f 928 800 828
f 828 800 704
f 828 704 740
f 740 704 628
f 740 628 672
f 672 628 548
f 672 548 612
f 612 548 500
f 612 500 540
f 540 500 444
f 540 444 492
f 492 444 376
f 492 376 442
f 442 376 346
f 442 346 394
f 394 346 310
f 394 310 362
f 362 310 282
f 362 282 330
f 330 282 246
f 330 246 302
f 302 246 238
f 302 238 290
f 290 238 218
f 290 218 274
f 274 218 210
f 274 210 266
f 266 210 203
f 266 203 251
f 203 151 156
f 203 156 208
f 208 156 172
f 208 172 216
f 216 172 180
f 216 180 236
f 236 180 196
f 236 196 244
f 244 196 228
f 244 228 280
f 280 228 256
f 280 256 308
f 308 256 294
f 308 294 344
f 344 294 342
f 344 342 374
f 374 342 390
f 374 390 438
f 438 390 446
f 438 446 494
f 494 446 518
f 494 518 542
f 542 518 586
f 542 586 622
f 622 586 674
f 622 674 698
f 698 674 742
f 698 742 794
f 794 742 846
f 794 846 862
f 862 846 966
f 862 966 974
f 974 966 1094
f 974 1094 1102
f 1102 1094 1230
f 1102 1230 1238
f 1238 1230 1390
f 1238 1390 1398
f 1398 1390 1700
f 1398 1700 1692
f 1692 1700 1884
f 1692 1884 1876
f 1876 1884 2044
f 1876 2044 2036
f 2036 2044 2180
f 2036 2180 2172
f 2172 2180 2308
f 2172 2308 2300
f 2300 2308 2428
f 2300 2428 2412
f 2412 2428 2532
f 2412 2532 2480
f 2480 2532 2600
f 2480 2600 2576
f 2576 2600 2688
f 2576 2688 2652
f 2652 2688 2756
f 2652 2756 2732
f 2732 2756 2828
f 2732 2828 2780
f 2780 2828 2884
f 2780 2884 2836
f 2836 2884 2932
f 2836 2932 2904
f 2904 2932 2984
f 2904 2984 2934
f 2934 2984 3022
f 2934 3022 2970
f 2970 3022 3050
f 2970 3050 2998
f 2998 3050 3082
f 2998 3082 3034
f 3034 3082 3098
f 3034 3098 3042
f 3042 3098 3106
f 3042 3106 3062
f 3062 3106 3122
f 3062 3122 3070
f 3070 3122 3129
f 3070 3129 3077
f 3077 3129 3124
f 3077 3124 3072
f 3072 3124 3108
f 3072 3108 3064
f 3064 3108 3100
f 3064 3100 3044
f 3044 3100 3084
f 3044 3084 3036
f 3036 3084 3052
f 3036 3052 3000
f 3000 3052 3024
f 3000 3024 2972
f 2972 3024 2986
f 2972 2986 2936
f 2936 2986 2938
f 2936 2938 2906
f 2906 2938 2890
f 2906 2890 2842
f 2842 2890 2834
f 2842 2834 2786
f 2786 2834 2762
f 2786 2762 2738
f 2738 2762 2694
f 2738 2694 2658
f 2658 2694 2606
f 2658 2606 2582
f 2582 2606 2538
f 2582 2538 2486
f 2486 2538 2434
f 2486 2434 2418
f 2418 2434 2314
f 2418 2314 2306
f 2306 2314 2186
f 2306 2186 2178
f 2178 2186 2050
f 2178 2050 2042
f 2042 2050 1890
f 2042 1890 1882
f 1882 1890 1706
f 1882 1706 1698
f 1698 1706 1396
f 1698 1396 1404
f 1404 1396 1236
f 1404 1236 1244
f 1244 1236 1100
f 1244 1100 1108
f 1108 1100 972
f 1108 972 980
f 980 972 852
f 980 852 868
f 868 852 748
f 868 748 800
f 800 748 680
f 800 680 704
f 704 680 592
f 704 592 628
f 628 592 524
f 628 524 548
f 548 524 452
f 548 452 500
f 500 452 396
f 500 396 444
f 444 396 348
f 444 348 376
f 376 348 296
f 376 296 346
f 346 296 258
f 346 258 310
f 310 258 230
f 310 230 282
f 282 230 198
f 282 198 246
f 246 198 182
f 246 182 238
f 238 182 174
f 238 174 218
f 218 174 158
f 218 158 210
f 210 158 151
f 210 151 203
f 151 111 116
f 151 116 156
f 156 116 124
f 156 124 172
f 172 124 140
f 172 140 180
f 180 140 164
f 180 164 196
f 196 164 188
f 196 188 228
f 228 188 222
f 228 222 256
f 256 222 254
f 256 254 294
f 294 254 306
f 294 306 342
f 342 306 358
f 342 358 390
f 390 358 422
f 390 422 446
f 446 422 482
f 446 482 518
f 518 482 550
f 518 550 586
f 586 550 630
f 586 630 674
f 674 630 726
f 674 726 742
f 742 726 830
f 742 830 846
f 846 830 938
f 846 938 966
f 966 938 1066
f 966 1066 1094
f 1094 1066 1214
f 1094 1214 1230
f 1230 1214 1382
f 1230 1382 1390
f 1390 1382 1708
f 1390 1708 1700
f 1700 1708 1892
f 1700 1892 1884
f 1884 1892 2060
f 1884 2060 2044
f 2044 2060 2208
f 2044 2208 2180
f 2180 2208 2336
f 2180 2336 2308
f 2308 2336 2444
f 2308 2444 2428
f 2428 2444 2548
f 2428 2548 2532
f 2532 2548 2644
f 2532 2644 2600
f 2600 2644 2724
f 2600 2724 2688
f 2688 2724 2792
f 2688 2792 2756
f 2756 2792 2852
f 2756 2852 2828
f 2828 2852 2916
f 2828 2916 2884
f 2884 2916 2968
f 2884 2968 2932
f 2932 2968 3020
f 2932 3020 2984
f 2984 3020 3056
f 2984 3056 3022
f 3022 3056 3090
f 3022 3090 3050
f 3050 3090 3114
f 3050 3114 3082
f 3082 3114 3138
f 3082 3138 3098
f 3098 3138 3154
f 3098 3154 3106
f 3106 3154 3162
f 3106 3162 3122
f 3122 3162 3169
f 3122 3169 3129
f 3129 3169 3164
f 3129 3164 3124
f 3124 3164 3156
f 3124 3156 3108
f 3108 3156 3140
f 3108 3140 3100
f 3100 3140 3116
f 3100 3116 3084
f 3084 3116 3092
f 3084 3092 3052
f 3052 3092 3058
f 3052 3058 3024
f 3024 3058 3026
f 3024 3026 2986
f 2986 3026 2974
f 2986 2974 2938
f 2938 2974 2922
f 2938 2922 2890
f 2890 2922 2858
f 2890 2858 2834
f 2834 2858 2798
f 2834 2798 2762
f 2762 2798 2730
f 2762 2730 2694
f 2694 2730 2650
f 2694 2650 2606
f 2606 2650 2554
f 2606 2554 2538
f 2538 2554 2450
f 2538 2450 2434
f 2434 2450 2342
f 2434 2342 2314
f 2314 2342 2214
f 2314 2214 2186
f 2186 2214 2066
f 2186 2066 2050
f 2050 2066 1898
f 2050 1898 1890
f 1890 1898 1714
f 1890 1714 1706
f 1706 1714 1388
f 1706 1388 1396
f 1396 1388 1220
f 1396 1220 1236
f 1236 1220 1072
f 1236 1072 1100
f 1100 1072 944
f 1100 944 972
f 972 944 836
f 972 836 852
f 852 836 732
f 852 732 748
f 748 732 636
f 748 636 680
f 680 636 556
f 680 556 592
f 592 556 488
f 592 488 524
f 524 488 428
f 524 428 452
f 452 428 364
f 452 364 396
f 396 364 312
f 396 312 348
f 348 312 260
f 348 260 296
f 296 260 224
f 296 224 258
f 258 224 190
f 258 190 230
f 230 190 166
f 230 166 198
f 198 166 142
f 198 142 182
f 182 142 126
f 182 126 174
f 174 126 118
f 174 118 158
f 158 118 111
f 158 111 151
f 111 79 84
f 111 84 116
f 116 84 92
f 116 92 124
f 124 92 104
f 124 104 140
f 140 104 132
f 140 132 164
f 164 132 146
f 164 146 188
f 188 146 186
f 188 186 222
f 222 186 226
f 222 226 254
f 254 226 278
f 254 278 306
f 306 278 326
f 306 326 358
f 358 326 378
f 358 378 422
f 422 378 454
f 422 454 482
f 482 454 526
f 482 526 550
f 550 526 614
f 550 614 630
f 630 614 710
f 630 710 726
f 726 710 810
f 726 810 830
f 830 810 930
f 830 930 938
f 938 930 1058
f 938 1058 1066
f 1066 1058 1198
f 1066 1198 1214
f 1214 1198 1358
f 1214 1358 1382
f 1382 1358 1716
f 1382 1716 1708
f 1708 1716 1916
f 1708 1916 1892
f 1892 1916 2076
f 1892 2076 2060
f 2060 2076 2216
f 2060 2216 2208
f 2208 2216 2344
f 2208 2344 2336
f 2336 2344 2464
f 2336 2464 2444
f 2444 2464 2564
f 2444 2564 2548
f 2548 2564 2660
f 2548 2660 2644
f 2644 2660 2748
f 2644 2748 2724
f 2724 2748 2820
f 2724 2820 2792
f 2792 2820 2896
f 2792 2896 2852
f 2852 2896 2948
f 2852 2948 2916
f 2916 2948 2996
f 2916 2996 2968
f 2968 2996 3048
f 2968 3048 3020
f 3020 3048 3088
f 3020 3088 3056
f 3056 3088 3132
f 3056 3132 3090
f 3090 3132 3146
f 3090 3146 3114
f 3114 3146 3174
f 3114 3174 3138
f 3138 3174 3186
f 3138 3186 3154
f 3154 3186 3194
f 3154 3194 3162
f 3162 3194 3201
f 3162 3201 3169
f 3169 3201 3196
f 3169 3196 3164
f 3164 3196 3188
f 3164 3188 3156
f 3156 3188 3176
f 3156 3176 3140
f 3140 3176 3148
f 3140 3148 3116
f 3116 3148 3134
f 3116 3134 3092
f 3092 3134 3094
f 3092 3094 3058
f 3058 3094 3054
f 3058 3054 3026
f 3026 3054 3002
f 3026 3002 2974
f 2974 3002 2954
f 2974 2954 2922
f 2922 2954 2902
f 2922 2902 2858
f 2858 2902 2826
f 2858 2826 2798
f 2798 2826 2754
f 2798 2754 2730
f 2730 2754 2666
f 2730 2666 2650
f 2650 2666 2570
f 2650 2570 2554
f 2554 2570 2470
f 2554 2470 2450
f 2450 2470 2350
f 2450 2350 2342
f 2342 2350 2222
f 2342 2222 2214
f 2214 2222 2082
f 2214 2082 2066
f 2066 2082 1922
f 2066 1922 1898
f 1898 1922 1722
f 1898 1722 1714
f 1714 1722 1364
f 1714 1364 1388
f 1388 1364 1204
f 1388 1204 1220
f 1220 1204 1064
f 1220 1064 1072
f 1072 1064 936
f 1072 936 944
f 944 936 816
f 944 816 836
f 836 816 716
f 836 716 732
f 732 716 620
f 732 620 636
f 636 620 532
f 636 532 556
f 556 532 460
f 556 460 488
f 488 460 384
f 488 384 428
f 428 384 332
f 428 332 364
f 364 332 284
f 364 284 312
f 312 284 232
f 312 232 260
f 260 232 192
f 260 192 224
f 224 192 148
f 224 148 190
f 190 148 134
f 190 134 166
f 166 134 106
f 166 106 142
f 142 106 94
f 142 94 126
f 126 94 86
f 126 86 118
f 118 86 79
f 118 79 111
f 79 47 52
f 79 52 84
f 84 52 64
f 84 64 92
f 92 64 72
f 92 72 104
f 104 72 98
f 104 98 132
f 132 98 130
f 132 130 146
f 146 130 162
f 146 162 186
f 186 162 194
f 186 194 226
f 226 194 242
f 226 242 278
f 278 242 298
f 278 298 326
f 326 298 366
f 326 366 378
f 378 366 430
f 378 430 454
f 454 430 510
f 454 510 526
f 526 510 598
f 526 598 614
f 614 598 690
f 614 690 710
f 710 690 802
f 710 802 810
f 810 802 914
f 810 914 930
f 930 914 1042
f 930 1042 1058
f 1058 1042 1186
f 1058 1186 1198
f 1198 1186 1350
f 1198 1350 1358
f 1358 1350 1724
f 1358 1724 1716
f 1716 1724 1924
f 1716 1924 1916
f 1916 1924 2088
f 1916 2088 2076
f 2076 2088 2232
f 2076 2232 2216
f 2216 2232 2360
f 2216 2360 2344
f 2344 2360 2472
f 2344 2472 2464
f 2464 2472 2584
f 2464 2584 2564
f 2564 2584 2676
f 2564 2676 2660
f 2660 2676 2764
f 2660 2764 2748
f 2748 2764 2844
f 2748 2844 2820
f 2820 2844 2908
f 2820 2908 2896
f 2896 2908 2976
f 2896 2976 2948
f 2948 2976 3032
f 2948 3032 2996
f 2996 3032 3080
f 2996 3080 3048
f 3048 3080 3112
f 3048 3112 3088
f 3088 3112 3144
f 3088 3144 3132
f 3132 3144 3180
f 3132 3180 3146
f 3146 3180 3206
f 3146 3206 3174
f 3174 3206 3214
f 3174 3214 3186
f 3186 3214 3226
f 3186 3226 3194
f 3194 3226 3233
f 3194 3233 3201
f 3201 3233 3228
f 3201 3228 3196
f 3196 3228 3216
f 3196 3216 3188
f 3188 3216 3208
f 3188 3208 3176
f 3176 3208 3182
f 3176 3182 3148
f 3148 3182 3150
f 3148 3150 3134
f 3134 3150 3118
f 3134 3118 3094
f 3094 3118 3086
f 3094 3086 3054
f 3054 3086 3038
f 3054 3038 3002
f 3002 3038 2982
f 3002 2982 2954
f 2954 2982 2914
f 2954 2914 2902
f 2902 2914 2850
f 2902 2850 2826
f 2826 2850 2770
f 2826 2770 2754
f 2754 2770 2682
f 2754 2682 2666
f 2666 2682 2590
f 2666 2590 2570
f 2570 2590 2478
f 2570 2478 2470
f 2470 2478 2366
f 2470 2366 2350
f 2350 2366 2238
f 2350 2238 2222
f 2222 2238 2094
f 2222 2094 2082
f 2082 2094 1930
f 2082 1930 1922
f 1922 1930 1730
f 1922 1730 1722
f 1722 1730 1356
f 1722 1356 1364
f 1364 1356 1192
f 1364 1192 1204
f 1204 1192 1048
f 1204 1048 1064
f 1064 1048 920
f 1064 920 936
f 936 920 808
f 936 808 816
f 816 808 696
f 816 696 716
f 716 696 604
f 716 604 620
f 620 604 516
f 620 516 532
f 532 516 436
f 532 436 460
f 460 436 372
f 460 372 384
f 384 372 304
f 384 304 332
f 332 304 248
f 332 248 284
f 284 248 200
f 284 200 232
f 232 200 168
f 232 168 192
f 192 168 136
f 192 136 148
f 148 136 100
f 148 100 134
f 134 100 74
f 134 74 106
f 106 74 66
f 106 66 94
f 94 66 54
f 94 54 86
f 86 54 47
f 86 47 79
f 47 27 32
f 47 32 52
f 52 32 40
f 52 40 64
f 64 40 58
f 64 58 72
f 72 58 70
f 72 70 98
f 98 70 102
f 98 102 130
f 130 102 138
f 130 138 162
f 162 138 178
f 162 178 194
f 194 178 234
f 194 234 242
f 242 234 286
f 242 286 298
f 298 286 350
f 298 350 366
f 366 350 414
f 366 414 430
f 430 414 502
f 430 502 510
f 510 502 578
f 510 578 598
f 598 578 682
f 598 682 690
f 690 682 778
f 690 778 802
f 802 778 898
f 802 898 914
f 914 898 1026
f 914 1026 1042
f 1042 1026 1170
f 1042 1170 1186
f 1186 1170 1342
f 1186 1342 1350
f 1350 1342 1732
f 1350 1732 1724
f 1724 1732 1932
f 1724 1932 1924
f 1924 1932 2104
f 1924 2104 2088
f 2088 2104 2248
f 2088 2248 2232
f 2232 2248 2376
f 2232 2376 2360
f 2360 2376 2496
f 2360 2496 2472
f 2472 2496 2592
f 2472 2592 2584
f 2584 2592 2696
f 2584 2696 2676
f 2676 2696 2772
f 2676 2772 2764
f 2764 2772 2860
f 2764 2860 2844
f 2844 2860 2924
f 2844 2924 2908
f 2908 2924 2988
f 2908 2988 2976
f 2976 2988 3040
f 2976 3040 3032
f 3032 3040 3096
f 3032 3096 3080
f 3080 3096 3136
f 3080 3136 3112
f 3112 3136 3172
f 3112 3172 3144
f 3144 3172 3204
f 3144 3204 3180
f 3180 3204 3220
f 3180 3220 3206
f 3206 3220 3238
f 3206 3238 3214
f 3214 3238 3246
f 3214 3246 3226
f 3226 3246 3253
f 3226 3253 3233
f 3233 3253 3248
f 3233 3248 3228
f 3228 3248 3240
f 3228 3240 3216
f 3216 3240 3222
f 3216 3222 3208
f 3208 3222 3210
f 3208 3210 3182
f 3182 3210 3178
f 3182 3178 3150
f 3150 3178 3142
f 3150 3142 3118
f 3118 3142 3102
f 3118 3102 3086
f 3086 3102 3046
f 3086 3046 3038
f 3038 3046 2994
f 3038 2994 2982
f 2982 2994 2930
f 2982 2930 2914
f 2914 2930 2866
f 2914 2866 2850
f 2850 2866 2778
f 2850 2778 2770
f 2770 2778 2702
f 2770 2702 2682
f 2682 2702 2598
f 2682 2598 2590
f 2590 2598 2502
f 2590 2502 2478
f 2478 2502 2382
f 2478 2382 2366
f 2366 2382 2254
f 2366 2254 2238
f 2238 2254 2110
f 2238 2110 2094
f 2094 2110 1938
f 2094 1938 1930
f 1930 1938 1738
f 1930 1738 1730
f 1730 1738 1348
f 1730 1348 1356
f 1356 1348 1176
f 1356 1176 1192
f 1192 1176 1032
f 1192 1032 1048
f 1048 1032 904
f 1048 904 920
f 920 904 784
f 920 784 808
f 808 784 688
f 808 688 696
f 696 688 584
f 696 584 604
f 604 584 508
f 604 508 516
f 516 508 420
f 516 420 436
f 436 420 356
f 436 356 372
f 372 356 292
f 372 292 304
f 304 292 240
f 304 240 248
f 248 240 184
f 248 184 200
f 200 184 144
f 200 144 168
f 168 144 108
f 168 108 136
f 136 108 76
f 136 76 100
f 100 76 60
f 100 60 74
f 74 60 42
f 74 42 66
f 66 42 34
f 66 34 54
f 54 34 27
f 54 27 47
f 27 11 16
f 27 16 32
f 32 16 22
f 32 22 40
f 40 22 38
f 40 38 58
f 58 38 62
f 58 62 70
f 70 62 90
f 70 90 102
f 102 90 122
f 102 122 138
f 138 122 170
f 138 170 178
f 178 170 214
f 178 214 234
f 234 214 270
f 234 270 286
f 286 270 334
f 286 334 350
f 350 334 406
f 350 406 414
f 414 406 474
f 414 474 502
f 502 474 570
f 502 570 578
f 578 570 658
f 578 658 682
f 682 658 770
f 682 770 778
f 778 770 890
f 778 890 898
f 898 890 1018
f 898 1018 1026
f 1026 1018 1162
f 1026 1162 1170
f 1170 1162 1334
f 1170 1334 1342
f 1342 1334 1740
f 1342 1740 1732
f 1732 1740 1940
f 1732 1940 1932
f 1932 1940 2112
f 1932 2112 2104
f 2104 2112 2256
f 2104 2256 2248
f 2248 2256 2384
f 2248 2384 2376
f 2376 2384 2504
f 2376 2504 2496
f 2496 2504 2616
f 2496 2616 2592
f 2592 2616 2704
f 2592 2704 2696
f 2696 2704 2800
f 2696 2800 2772
f 2772 2800 2868
f 2772 2868 2860
f 2860 2868 2940
f 2860 2940 2924
f 2924 2940 3004
f 2924 3004 2988
f 2988 3004 3060
f 2988 3060 3040
f 3040 3060 3104
f 3040 3104 3096
f 3096 3104 3152
f 3096 3152 3136
f 3136 3152 3184
f 3136 3184 3172
f 3172 3184 3212
f 3172 3212 3204
f 3204 3212 3236
f 3204 3236 3220
f 3220 3236 3256
f 3220 3256 3238
f 3238 3256 3262
f 3238 3262 3246
f 3246 3262 3269
f 3246 3269 3253
f 3253 3269 3264
f 3253 3264 3248
f 3248 3264 3258
f 3248 3258 3240
f 3240 3258 3242
f 3240 3242 3222
f 3222 3242 3218
f 3222 3218 3210
f 3210 3218 3190
f 3210 3190 3178
f 3178 3190 3158
f 3178 3158 3142
f 3142 3158 3110
f 3142 3110 3102
f 3102 3110 3066
f 3102 3066 3046
f 3046 3066 3010
f 3046 3010 2994
f 2994 3010 2946
f 2994 2946 2930
f 2930 2946 2874
f 2930 2874 2866
f 2866 2874 2806
f 2866 2806 2778
f 2778 2806 2710
f 2778 2710 2702
f 2702 2710 2622
f 2702 2622 2598
f 2598 2622 2510
f 2598 2510 2502
f 2502 2510 2390
f 2502 2390 2382
f 2382 2390 2262
f 2382 2262 2254
f 2254 2262 2118
f 2254 2118 2110
f 2110 2118 1946
f 2110 1946 1938
f 1938 1946 1746
f 1938 1746 1738
f 1738 1746 1340
f 1738 1340 1348
f 1348 1340 1168
f 1348 1168 1176
f 1176 1168 1024
f 1176 1024 1032
f 1032 1024 896
f 1032 896 904
f 904 896 776
f 904 776 784
f 784 776 664
f 784 664 688
f 688 664 576
f 688 576 584
f 584 576 480
f 584 480 508
f 508 480 412
f 508 412 420
f 420 412 340
f 420 340 356
f 356 340 276
f 356 276 292
f 292 276 220
f 292 220 240
f 240 220 176
f 240 176 184
f 184 176 128
f 184 128 144
f 144 128 96
f 144 96 108
f 108 96 68
f 108 68 76
f 76 68 44
f 76 44 60
f 60 44 24
f 60 24 42
f 42 24 18
f 42 18 34
f 34 18 11
f 34 11 27
f 11 3 6
f 11 6 16
f 16 6 14
f 16 14 22
f 22 14 30
f 22 30 38
f 38 30 50
f 38 50 62
f 62 50 82
f 62 82 90
f 90 82 114
f 90 114 122
f 122 114 154
f 122 154 170
f 170 154 206
f 170 206 214
f 214 206 262
f 214 262 270
f 270 262 318
f 270 318 334
f 334 318 398
f 334 398 406
f 406 398 466
f 406 466 474
f 474 466 562
f 474 562 570
f 570 562 650
f 570 650 658
f 658 650 762
f 658 762 770
f 770 762 874
f 770 874 890
f 890 874 1010
f 890 1010 1018
f 1018 1010 1154
f 1018 1154 1162
f 1162 1154 1326
f 1162 1326 1334
f 1334 1326 1748
f 1334 1748 1740
f 1740 1748 1948
f 1740 1948 1940
f 1940 1948 2120
f 1940 2120 2112
f 2112 2120 2264
f 2112 2264 2256
f 2256 2264 2400
f 2256 2400 2384
f 2384 2400 2512
f 2384 2512 2504
f 2504 2512 2624
f 2504 2624 2616
f 2616 2624 2712
f 2616 2712 2704
f 2704 2712 2808
f 2704 2808 2800
f 2800 2808 2876
f 2800 2876 2868
f 2868 2876 2956
f 2868 2956 2940
f 2940 2956 3012
f 2940 3012 3004
f 3004 3012 3068
f 3004 3068 3060
f 3060 3068 3120
f 3060 3120 3104
f 3104 3120 3160
f 3104 3160 3152
f 3152 3160 3192
f 3152 3192 3184
f 3184 3192 3224
f 3184 3224 3212
f 3212 3224 3244
f 3212 3244 3236
f 3236 3244 3260
f 3236 3260 3256
f 3256 3260 3272
f 3256 3272 3262
f 3262 3272 3277
f 3262 3277 3269
f 3269 3277 3274
f 3269 3274 3264
f 3264 3274 3266
f 3264 3266 3258
f 3258 3266 3250
f 3258 3250 3242
f 3242 3250 3230
f 3242 3230 3218
f 3218 3230 3198
f 3218 3198 3190
f 3190 3198 3166
f 3190 3166 3158
f 3158 3166 3126
f 3158 3126 3110
f 3110 3126 3074
f 3110 3074 3066
f 3066 3074 3018
f 3066 3018 3010
f 3010 3018 2962
f 3010 2962 2946
f 2946 2962 2882
f 2946 2882 2874
f 2874 2882 2814
f 2874 2814 2806
f 2806 2814 2718
f 2806 2718 2710
f 2710 2718 2630
f 2710 2630 2622
f 2622 2630 2518
f 2622 2518 2510
f 2510 2518 2406
f 2510 2406 2390
f 2390 2406 2270
f 2390 2270 2262
f 2262 2270 2126
f 2262 2126 2118
f 2118 2126 1954
f 2118 1954 1946
f 1946 1954 1754
f 1946 1754 1746
f 1746 1754 1332
f 1746 1332 1340
f 1340 1332 1160
f 1340 1160 1168
f 1168 1160 1016
f 1168 1016 1024
f 1024 1016 880
f 1024 880 896
f 896 880 768
f 896 768 776
f 776 768 656
f 776 656 664
f 664 656 568
f 664 568 576
f 576 568 472
f 576 472 480
f 480 472 404
f 480 404 412
f 412 404 324
f 412 324 340
f 340 324 268
f 340 268 276
f 276 268 212
f 276 212 220
f 220 212 160
f 220 160 176
f 176 160 120
f 176 120 128
f 128 120 88
f 128 88 96
f 96 88 56
f 96 56 68
f 68 56 36
f 68 36 44
f 44 36 20
f 44 20 24
f 24 20 8
f 24 8 18
f 18 8 3
f 18 3 11
f 3 1 2
f 3 2 6
f 6 2 10
f 6 10 14
f 14 10 26
f 14 26 30
f 30 26 46
f 30 46 50
f 50 46 78
f 50 78 82
f 82 78 110
f 82 110 114
f 114 110 150
f 114 150 154
f 154 150 202
f 154 202 206
f 206 202 250
f 206 250 262
f 262 250 314
f 262 314 318
f 318 314 386
f 318 386 398
f 398 386 462
f 398 462 466
f 466 462 558
f 466 558 562
f 562 558 646
f 562 646 650
f 650 646 750
f 650 750 762
f 762 750 870
f 762 870 874
f 874 870 1006
f 874 1006 1010
f 1010 1006 1150
f 1010 1150 1154
f 1154 1150 1322
f 1154 1322 1326
f 1326 1322 1756
f 1326 1756 1748
f 1748 1756 1956
f 1748 1956 1948
f 1948 1956 2128
f 1948 2128 2120
f 2120 2128 2272
f 2120 2272 2264
f 2264 2272 2408
f 2264 2408 2400
f 2400 2408 2528
f 2400 2528 2512
f 2512 2528 2632
f 2512 2632 2624
f 2624 2632 2720
f 2624 2720 2712
f 2712 2720 2816
f 2712 2816 2808
f 2808 2816 2892
f 2808 2892 2876
f 2876 2892 2964
f 2876 2964 2956
f 2956 2964 3028
f 2956 3028 3012
f 3012 3028 3076
f 3012 3076 3068
f 3068 3076 3128
f 3068 3128 3120
f 3120 3128 3168
f 3120 3168 3160
f 3160 3168 3200
f 3160 3200 3192
f 3192 3200 3232
f 3192 3232 3224
f 3224 3232 3252
f 3224 3252 3244
f 3244 3252 3268
f 3244 3268 3260
f 3260 3268 3276
f 3260 3276 3272
f 3272 3276 3280
f 3272 3280 3277
f 3277 3280 3279
f 3277 3279 3274
f 3274 3279 3271
f 3274 3271 3266
f 3266 3271 3255
f 3266 3255 3250
f 3250 3255 3235
f 3250 3235 3230
f 3230 3235 3203
f 3230 3203 3198
f 3198 3203 3171
f 3198 3171 3166
f 3166 3171 3131
f 3166 3131 3126
f 3126 3131 3079
f 3126 3079 3074
f 3074 3079 3031
f 3074 3031 3018
f 3018 3031 2967
f 3018 2967 2962
f 2962 2967 2895
f 2962 2895 2882
f 2882 2895 2819
f 2882 2819 2814
f 2814 2819 2723
f 2814 2723 2718
f 2718 2723 2635
f 2718 2635 2630
f 2630 2635 2531
f 2630 2531 2518
f 2518 2531 2411
f 2518 2411 2406
f 2406 2411 2275
f 2406 2275 2270
f 2270 2275 2131
f 2270 2131 2126
f 2126 2131 1959
f 2126 1959 1954
f 1954 1959 1759
f 1954 1759 1754
f 1754 1759 1325
f 1754 1325 1332
f 1332 1325 1153
f 1332 1153 1160
f 1160 1153 1009
f 1160 1009 1016
f 1016 1009 873
f 1016 873 880
f 880 873 753
f 880 753 768
f 768 753 649
f 768 649 656
f 656 649 561
f 656 561 568
f 568 561 465
f 568 465 472
f 472 465 389
f 472 389 404
f 404 389 317
f 404 317 324
f 324 317 253
f 324 253 268
f 268 253 205
f 268 205 212
f 212 205 153
f 212 153 160
f 160 153 113
f 160 113 120
f 120 113 81
f 120 81 88
f 88 81 49
f 88 49 56
f 56 49 29
f 56 29 36
f 36 29 13
f 36 13 20
f 20 13 5
f 20 5 8
f 8 5 1
f 8 1 3
f 1 4 7
f 1 7 2
f 2 7 15
f 2 15 10
f 10 15 31
f 10 31 26
f 26 31 51
f 26 51 46
f 46 51 83
f 46 83 78
f 78 83 115
f 78 115 110
f 110 115 155
f 110 155 150
f 150 155 207
f 150 207 202
f 202 207 263
f 202 263 250
f 250 263 319
f 250 319 314
f 314 319 399
f 314 399 386
f 386 399 467
f 386 467 462
f 462 467 563
f 462 563 558
f 558 563 651
f 558 651 646
f 646 651 763
f 646 763 750
f 750 763 875
f 750 875 870
f 870 875 1011
f 870 1011 1006
f 1006 1011 1155
f 1006 1155 1150
f 1150 1155 1327
f 1150 1327 1322
f 1322 1327 1749
f 1322 1749 1756
f 1756 1749 1949
f 1756 1949 1956
f 1956 1949 2121
f 1956 2121 2128
f 2128 2121 2265
f 2128 2265 2272
f 2272 2265 2401
f 2272 2401 2408
f 2408 2401 2513
f 2408 2513 2528
f 2528 2513 2625
f 2528 2625 2632
f 2632 2625 2713
f 2632 2713 2720
f 2720 2713 2809
f 2720 2809 2816
f 2816 2809 2877
f 2816 2877 2892
f 2892 2877 2957
f 2892 2957 2964
f 2964 2957 3013
f 2964 3013 3028
f 3028 3013 3069
f 3028 3069 3076
f 3076 3069 3121
f 3076 3121 3128
f 3128 3121 3161
f 3128 3161 3168
f 3168 3161 3193
f 3168 3193 3200
f 3200 3193 3225
f 3200 3225 3232
f 3232 3225 3245
f 3232 3245 3252
f 3252 3245 3261
f 3252 3261 3268
f 3268 3261 3273
f 3268 3273 3276
f 3276 3273 3278
f 3276 3278 3280
f 3280 3278 3275
f 3280 3275 3279
f 3279 3275 3267
f 3279 3267 3271
f 3271 3267 3251
f 3271 3251 3255
f 3255 3251 3231
f 3255 3231 3235
f 3235 3231 3199
f 3235 3199 3203
f 3203 3199 3167
f 3203 3167 3171
f 3171 3167 3127
f 3171 3127 3131
f 3131 3127 3075
f 3131 3075 3079
f 3079 3075 3019
f 3079 3019 3031
f 3031 3019 2963
f 3031 2963 2967
f 2967 2963 2883
f 2967 2883 2895
f 2895 2883 2815
f 2895 2815 2819
f 2819 2815 2719
f 2819 2719 2723
f 2723 2719 2631
f 2723 2631 2635
f 2635 2631 2519
f 2635 2519 2531
f 2531 2519 2407
f 2531 2407 2411
f 2411 2407 2271
f 2411 2271 2275
f 2275 2271 2127
f 2275 2127 2131
f 2131 2127 1955
f 2131 1955 1959
f 1959 1955 1755
f 1959 1755 1759
f 1759 1755 1333
f 1759 1333 1325
f 1325 1333 1161
f 1325 1161 1153
f 1153 1161 1017
f 1153 1017 1009
f 1009 1017 881
f 1009 881 873
f 873 881 769
f 873 769 753
f 753 769 657
f 753 657 649
f 649 657 569
f 649 569 561
f 561 569 473
f 561 473 465
f 465 473 405
f 465 405 389
f 389 405 325
f 389 325 317
f 317 325 269
f 317 269 253
f 253 269 213
f 253 213 205
f 205 213 161
f 205 161 153
f 153 161 121
f 153 121 113
f 113 121 89
f 113 89 81
f 81 89 57
f 81 57 49
f 49 57 37
f 49 37 29
f 29 37 21
f 29 21 13
f 13 21 9
f 13 9 5
f 5 9 4
f 5 4 1
f 4 12 17
f 4 17 7
f 7 17 23
f 7 23 15
f 15 23 39
f 15 39 31
f 31 39 63
f 31 63 51
f 51 63 91
f 51 91 83
f 83 91 123
f 83 123 115
f 115 123 171
f 115 171 155
f 155 171 215
f 155 215 207
f 207 215 271
f 207 271 263
f 263 271 335
f 263 335 319
f 319 335 407
f 319 407 399
f 399 407 475
f 399 475 467
f 467 475 571
f 467 571 563
f 563 571 659
f 563 659 651
f 651 659 771
f 651 771 763
f 763 771 891
f 763 891 875
f 875 891 1019
f 875 1019 1011
f 1011 1019 1163
f 1011 1163 1155
f 1155 1163 1335
f 1155 1335 1327
f 1327 1335 1741
f 1327 1741 1749
f 1749 1741 1941
f 1749 1941 1949
f 1949 1941 2113
f 1949 2113 2121
f 2121 2113 2257
f 2121 2257 2265
f 2265 2257 2385
f 2265 2385 2401
f 2401 2385 2505
f 2401 2505 2513
f 2513 2505 2617
f 2513 2617 2625
f 2625 2617 2705
f 2625 2705 2713
f 2713 2705 2801
f 2713 2801 2809
f 2809 2801 2869
f 2809 2869 2877
f 2877 2869 2941
f 2877 2941 2957
f 2957 2941 3005
f 2957 3005 3013
f 3013 3005 3061
f 3013 3061 3069
f 3069 3061 3105
f 3069 3105 3121
f 3121 3105 3153
f 3121 3153 3161
f 3161 3153 3185
f 3161 3185 3193
f 3193 3185 3213
f 3193 3213 3225
f 3225 3213 3237
f 3225 3237 3245
f 3245 3237 3257
f 3245 3257 3261
f 3261 3257 3263
f 3261 3263 3273
f 3273 3263 3270
f 3273 3270 3278
f 3278 3270 3265
f 3278 3265 3275
f 3275 3265 3259
f 3275 3259 3267
f 3267 3259 3243
f 3267 3243 3251
f 3251 3243 3219
f 3251 3219 3231
f 3231 3219 3191
f 3231 3191 3199
f 3199 3191 3159
f 3199 3159 3167
f 3167 3159 3111
f 3167 3111 3127
f 3127 3111 3067
f 3127 3067 3075
f 3075 3067 3011
f 3075 3011 3019
f 3019 3011 2947
f 3019 2947 2963
f 2963 2947 2875
f 2963 2875 2883
f 2883 2875 2807
f 2883 2807 2815
f 2815 2807 2711
f 2815 2711 2719
f 2719 2711 2623
f 2719 2623 2631
f 2631 2623 2511
f 2631 2511 2519
f 2519 2511 2391
f 2519 2391 2407
f 2407 2391 2263
f 2407 2263 2271
f 2271 2263 2119
f 2271 2119 2127
f 2127 2119 1947
f 2127 1947 1955
f 1955 1947 1747
f 1955 1747 1755
f 1755 1747 1341
f 1755 1341 1333
f 1333 1341 1169
f 1333 1169 1161
f 1161 1169 1025
f 1161 1025 1017
f 1017 1025 897
f 1017 897 881
f 881 897 777
f 881 777 769
f 769 777 665
f 769 665 657
f 657 665 577
f 657 577 569
f 569 577 481
f 569 481 473
f 473 481 413
f 473 413 405
f 405 413 341
f 405 341 325
f 325 341 277
f 325 277 269
f 269 277 221
f 269 221 213
f 213 221 177
f 213 177 161
f 161 177 129
f 161 129 121
f 121 129 97
f 121 97 89
f 89 97 69
f 89 69 57
f 57 69 45
f 57 45 37
f 37 45 25
f 37 25 21
f 21 25 19
f 21 19 9
f 9 19 12
f 9 12 4
f 12 28 33
f 12 33 17
f 17 33 41
f 17 41 23
f 23 41 59
f 23 59 39
f 39 59 71
f 39 71 63
f 63 71 103
f 63 103 91
f 91 103 139
f 91 139 123
f 123 139 179
f 123 179 171
f 171 179 235
f 171 235 215
f 215 235 287
f 215 287 271
f 271 287 351
f 271 351 335
f 335 351 415
f 335 415 407
f 407 415 503
f 407 503 475
f 475 503 579
f 475 579 571
f 571 579 683
f 571 683 659
f 659 683 779
f 659 779 771
f 771 779 899
f 771 899 891
f 891 899 1027
f 891 1027 1019
f 1019 1027 1171
f 1019 1171 1163
f 1163 1171 1343
f 1163 1343 1335
f 1335 1343 1733
f 1335 1733 1741
f 1741 1733 1933
f 1741 1933 1941
f 1941 1933 2105
f 1941 2105 2113
f 2113 2105 2249
f 2113 2249 2257
f 2257 2249 2377
f 2257 2377 2385
f 2385 2377 2497
f 2385 2497 2505
f 2505 2497 2593
f 2505 2593 2617
f 2617 2593 2697
f 2617 2697 2705
f 2705 2697 2773
f 2705 2773 2801
f 2801 2773 2861
f 2801 2861 2869
f 2869 2861 2925
f 2869 2925 2941
f 2941 2925 2989
f 2941 2989 3005
f 3005 2989 3041
f 3005 3041 3061
f 3061 3041 3097
f 3061 3097 3105
f 3105 3097 3137
f 3105 3137 3153
f 3153 3137 3173
f 3153 3173 3185
f 3185 3173 3205
f 3185 3205 3213
f 3213 3205 3221
f 3213 3221 3237
f 3237 3221 3239
f 3237 3239 3257
f 3257 3239 3247
f 3257 3247 3263
f 3263 3247 3254
f 3263 3254 3270
f 3270 3254 3249
f 3270 3249 3265
f 3265 3249 3241
f 3265 3241 3259
f 3259 3241 3223
f 3259 3223 3243
f 3243 3223 3211
f 3243 3211 3219
f 3219 3211 3179
f 3219 3179 3191
f 3191 3179 3143
f 3191 3143 3159
f 3159 3143 3103
f 3159 3103 3111
f 3111 3103 3047
f 3111 3047 3067
f 3067 3047 2995
f 3067 2995 3011
f 3011 2995 2931
f 3011 2931 2947
f 2947 2931 2867
f 2947 2867 2875
f 2875 2867 2779
f 2875 2779 2807
f 2807 2779 2703
f 2807 2703 2711
f 2711 2703 2599
f 2711 2599 2623
f 2623 2599 2503
f 2623 2503 2511
f 2511 2503 2383
f 2511 2383 2391
f 2391 2383 2255
f 2391 2255 2263
f 2263 2255 2111
f 2263 2111 2119
f 2119 2111 1939
f 2119 1939 1947
f 1947 1939 1739
f 1947 1739 1747
f 1747 1739 1349
f 1747 1349 1341
f 1341 1349 1177
f 1341 1177 1169
f 1169 1177 1033
f 1169 1033 1025
f 1025 1033 905
f 1025 905 897
f 897 905 785
f 897 785 777
f 777 785 689
f 777 689 665
f 665 689 585
f 665 585 577
f 577 585 509
f 577 509 481
f 481 509 421
f 481 421 413
f 413 421 357
f 413 357 341
f 341 357 293
f 341 293 277
f 277 293 241
f 277 241 221
f 221 241 185
f 221 185 177
f 177 185 145
f 177 145 129
f 129 145 109
f 129 109 97
f 97 109 77
f 97 77 69
f 69 77 61
f 69 61 45
f 45 61 43
f 45 43 25
f 25 43 35
f 25 35 19
f 19 35 28
f 19 28 12
f 28 48 53
f 28 53 33
f 33 53 65
f 33 65 41
f 41 65 73
f 41 73 59
f 59 73 99
f 59 99 71
f 71 99 131
f 71 131 103
f 103 131 163
f 103 163 139
f 139 163 195
f 139 195 179
f 179 195 243
f 179 243 235
f 235 243 299
f 235 299 287
f 287 299 367
f 287 367 351
f 351 367 431
f 351 431 415
f 415 431 511
f 415 511 503
f 503 511 599
f 503 599 579
f 579 599 691
f 579 691 683
f 683 691 803
f 683 803 779
f 779 803 915
f 779 915 899
f 899 915 1043
f 899 1043 1027
f 1027 1043 1187
f 1027 1187 1171
f 1171 1187 1351
f 1171 1351 1343
f 1343 1351 1725
f 1343 1725 1733
f 1733 1725 1925
f 1733 1925 1933
f 1933 1925 2089
f 1933 2089 2105
f 2105 2089 2233
f 2105 2233 2249
f 2249 2233 2361
f 2249 2361 2377
f 2377 2361 2473
f 2377 2473 2497
f 2497 2473 2585
f 2497 2585 2593
f 2593 2585 2677
f 2593 2677 2697
f 2697 2677 2765
f 2697 2765 2773
f 2773 2765 2845
f 2773 2845 2861
f 2861 2845 2909
f 2861 2909 2925
f 2925 2909 2977
f 2925 2977 2989
f 2989 2977 3033
f 2989 3033 3041
f 3041 3033 3081
f 3041 3081 3097
f 3097 3081 3113
f 3097 3113 3137
f 3137 3113 3145
f 3137 3145 3173
f 3173 3145 3181
f 3173 3181 3205
f 3205 3181 3207
f 3205 3207 3221
f 3221 3207 3215
f 3221 3215 3239
f 3239 3215 3227
f 3239 3227 3247
f 3247 3227 3234
f 3247 3234 3254
f 3254 3234 3229
f 3254 3229 3249
f 3249 3229 3217
f 3249 3217 3241
f 3241 3217 3209
f 3241 3209 3223
f 3223 3209 3183
f 3223 3183 3211
f 3211 3183 3151
f 3211 3151 3179
f 3179 3151 3119
f 3179 3119 3143
f 3143 3119 3087
f 3143 3087 3103
f 3103 3087 3039
f 3103 3039 3047
f 3047 3039 2983
f 3047 2983 2995
f 2995 2983 2915
f 2995 2915 2931
f 2931 2915 2851
f 2931 2851 2867
f 2867 2851 2771
f 2867 2771 2779
f 2779 2771 2683
f 2779 2683 2703
f 2703 2683 2591
f 2703 2591 2599
f 2599 2591 2479
f 2599 2479 2503
f 2503 2479 2367
f 2503 2367 2383
f 2383 2367 2239
f 2383 2239 2255
f 2255 2239 2095
f 2255 2095 2111
f 2111 2095 1931
f 2111 1931 1939
f 1939 1931 1731
f 1939 1731 1739
f 1739 1731 1357
f 1739 1357 1349
f 1349 1357 1193
f 1349 1193 1177
f 1177 1193 1049
f 1177 1049 1033
f 1033 1049 921
f 1033 921 905
f 905 921 809
f 905 809 785
f 785 809 697
f 785 697 689
f 689 697 605
f 689 605 585
f 585 605 517
f 585 517 509
f 509 517 437
f 509 437 421
f 421 437 373
f 421 373 357
f 357 373 305
f 357 305 293
f 293 305 249
f 293 249 241
f 241 249 201
f 241 201 185
f 185 201 169
f 185 169 145
f 145 169 137
f 145 137 109
f 109 137 101
f 109 101 77
f 77 101 75
f 77 75 61
f 61 75 67
f 61 67 43
f 43 67 55
f 43 55 35
f 35 55 48
f 35 48 28
f 48 80 85
f 48 85 53
f 53 85 93
f 53 93 65
f 65 93 105
f 65 105 73
f 73 105 133
f 73 133 99
f 99 133 147
f 99 147 131
f 131 147 187
f 131 187 163
f 163 187 227
f 163 227 195
f 195 227 279
f 195 279 243
f 243 279 327
f 243 327 299
f 299 327 379
f 299 379 367
f 367 379 455
f 367 455 431
f 431 455 527
f 431 527 511
f 511 527 615
f 511 615 599
f 599 615 711
f 599 711 691
f 691 711 811
f 691 811 803
f 803 811 931
f 803 931 915
f 915 931 1059
f 915 1059 1043
f 1043 1059 1199
f 1043 1199 1187
f 1187 1199 1359
f 1187 1359 1351
f 1351 1359 1717
f 1351 1717 1725
f 1725 1717 1917
f 1725 1917 1925
f 1925 1917 2077
f 1925 2077 2089
f 2089 2077 2217
f 2089 2217 2233
f 2233 2217 2345
f 2233 2345 2361
f 2361 2345 2465
f 2361 2465 2473
f 2473 2465 2565
f 2473 2565 2585
f 2585 2565 2661
f 2585 2661 2677
f 2677 2661 2749
f 2677 2749 2765
f 2765 2749 2821
f 2765 2821 2845
f 2845 2821 2897
f 2845 2897 2909
f 2909 2897 2949
f 2909 2949 2977
f 2977 2949 2997
f 2977 2997 3033
f 3033 2997 3049
f 3033 3049 3081
f 3081 3049 3089
f 3081 3089 3113
f 3113 3089 3133
f 3113 3133 3145
f 3145 3133 3147
f 3145 3147 3181
f 3181 3147 3175
f 3181 3175 3207
f 3207 3175 3187
f 3207 3187 3215
f 3215 3187 3195
f 3215 3195 3227
f 3227 3195 3202
f 3227 3202 3234
f 3234 3202 3197
f 3234 3197 3229
f 3229 3197 3189
f 3229 3189 3217
f 3217 3189 3177
f 3217 3177 3209
f 3209 3177 3149
f 3209 3149 3183
f 3183 3149 3135
f 3183 3135 3151
f 3151 3135 3095
f 3151 3095 3119
f 3119 3095 3055
f 3119 3055 3087
f 3087 3055 3003
f 3087 3003 3039
f 3039 3003 2955
f 3039 2955 2983
f 2983 2955 2903
f 2983 2903 2915
f 2915 2903 2827
f 2915 2827 2851
f 2851 2827 2755
f 2851 2755 2771
f 2771 2755 2667
f 2771 2667 2683
f 2683 2667 2571
f 2683 2571 2591
f 2591 2571 2471
f 2591 2471 2479
f 2479 2471 2351
f 2479 2351 2367
f 2367 2351 2223
f 2367 2223 2239
f 2239 2223 2083
f 2239 2083 2095
f 2095 2083 1923
f 2095 1923 1931
f 1931 1923 1723
f 1931 1723 1731
f 1731 1723 1365
f 1731 1365 1357
f 1357 1365 1205
f 1357 1205 1193
f 1193 1205 1065
f 1193 1065 1049
f 1049 1065 937
f 1049 937 921
f 921 937 817
f 921 817 809
f 809 817 717
f 809 717 697
f 697 717 621
f 697 621 605
f 605 621 533
f 605 533 517
f 517 533 461
f 517 461 437
f 437 461 385
f 437 385 373
f 373 385 333
f 373 333 305
f 305 333 285
f 305 285 249
f 249 285 233
f 249 233 201
f 201 233 193
f 201 193 169
f 169 193 149
f 169 149 137
f 137 149 135
f 137 135 101
f 101 135 107
f 101 107 75
f 75 107 95
f 75 95 67
f 67 95 87
f 67 87 55
f 55 87 80
f 55 80 48
f 80 112 117
f 80 117 85
f 85 117 125
f 85 125 93
f 93 125 141
f 93 141 105
f 105 141 165
f 105 165 133
f 133 165 189
f 133 189 147
f 147 189 223
f 147 223 187
f 187 223 255
f 187 255 227
f 227 255 307
f 227 307 279
f 279 307 359
f 279 359 327
f 327 359 423
f 327 423 379
f 379 423 483
f 379 483 455
f 455 483 551
f 455 551 527
f 527 551 631
f 527 631 615
f 615 631 727
f 615 727 711
f 711 727 831
f 711 831 811
f 811 831 939
f 811 939 931
f 931 939 1067
f 931 1067 1059
f 1059 1067 1215
f 1059 1215 1199
f 1199 1215 1383
f 1199 1383 1359
f 1359 1383 1709
f 1359 1709 1717
f 1717 1709 1893
f 1717 1893 1917
f 1917 1893 2061
f 1917 2061 2077
f 2077 2061 2209
f 2077 2209 2217
f 2217 2209 2337
f 2217 2337 2345
f 2345 2337 2445
f 2345 2445 2465
f 2465 2445 2549
f 2465 2549 2565
f 2565 2549 2645
f 2565 2645 2661
f 2661 2645 2725
f 2661 2725 2749
f 2749 2725 2793
f 2749 2793 2821
f 2821 2793 2853
f 2821 2853 2897
f 2897 2853 2917
f 2897 2917 2949
f 2949 2917 2969
f 2949 2969 2997
f 2997 2969 3021
f 2997 3021 3049
f 3049 3021 3057
f 3049 3057 3089
f 3089 3057 3091
f 3089 3091 3133
f 3133 3091 3115
f 3133 3115 3147
f 3147 3115 3139
f 3147 3139 3175
f 3175 3139 3155
f 3175 3155 3187
f 3187 3155 3163
f 3187 3163 3195
f 3195 3163 3170
f 3195 3170 3202
f 3202 3170 3165
f 3202 3165 3197
f 3197 3165 3157
f 3197 3157 3189
f 3189 3157 3141
f 3189 3141 3177
f 3177 3141 3117
f 3177 3117 3149
f 3149 3117 3093
f 3149 3093 3135
f 3135 3093 3059
f 3135 3059 3095
f 3095 3059 3027
f 3095 3027 3055
f 3055 3027 2975
f 3055 2975 3003
f 3003 2975 2923
f 3003 2923 2955
f 2955 2923 2859
f 2955 2859 2903
f 2903 2859 2799
f 2903 2799 2827
f 2827 2799 2731
f 2827 2731 2755
f 2755 2731 2651
f 2755 2651 2667
f 2667 2651 2555
f 2667 2555 2571
f 2571 2555 2451
f 2571 2451 2471
f 2471 2451 2343
f 2471 2343 2351
f 2351 2343 2215
f 2351 2215 2223
f 2223 2215 2067
f 2223 2067 2083
f 2083 2067 1899
f 2083 1899 1923
f 1923 1899 1715
f 1923 1715 1723
f 1723 1715 1389
f 1723 1389 1365
f 1365 1389 1221
f 1365 1221 1205
f 1205 1221 1073
f 1205 1073 1065
f 1065 1073 945
f 1065 945 937
f 937 945 837
f 937 837 817
f 817 837 733
f 817 733 717
f 717 733 637
f 717 637 621
f 621 637 557
f 621 557 533
f 533 557 489
f 533 489 461
f 461 489 429
f 461 429 385
f 385 429 365
f 385 365 333
f 333 365 313
f 333 313 285
f 285 313 261
f 285 261 233
f 233 261 225
f 233 225 193
f 193 225 191
f 193 191 149
f 149 191 167
f 149 167 135
f 135 167 143
f 135 143 107
f 107 143 127
f 107 127 95
f 95 127 119
f 95 119 87
f 87 119 112
f 87 112 80
f 112 152 157
f 112 157 117
f 117 157 173
f 117 173 125
f 125 173 181
f 125 181 141
f 141 181 197
f 141 197 165
f 165 197 229
f 165 229 189
f 189 229 257
f 189 257 223
f 223 257 295
f 223 295 255
f 255 295 343
f 255 343 307
f 307 343 391
f 307 391 359
f 359 391 447
f 359 447 423
f 423 447 519
f 423 519 483
f 483 519 587
f 483 587 551
f 551 587 675
f 551 675 631
f 631 675 743
f 631 743 727
f 727 743 847
f 727 847 831
f 831 847 967
f 831 967 939
f 939 967 1095
f 939 1095 1067
f 1067 1095 1231
f 1067 1231 1215
f 1215 1231 1391
f 1215 1391 1383
f 1383 1391 1701
f 1383 1701 1709
f 1709 1701 1885
f 1709 1885 1893
f 1893 1885 2045
f 1893 2045 2061
f 2061 2045 2181
f 2061 2181 2209
f 2209 2181 2309
f 2209 2309 2337
f 2337 2309 2429
f 2337 2429 2445
f 2445 2429 2533
f 2445 2533 2549
f 2549 2533 2601
f 2549 2601 2645
f 2645 2601 2689
f 2645 2689 2725
f 2725 2689 2757
f 2725 2757 2793
f 2793 2757 2829
f 2793 2829 2853
f 2853 2829 2885
f 2853 2885 2917
f 2917 2885 2933
f 2917 2933 2969
f 2969 2933 2985
f 2969 2985 3021
f 3021 2985 3023
f 3021 3023 3057
f 3057 3023 3051
f 3057 3051 3091
f 3091 3051 3083
f 3091 3083 3115
f 3115 3083 3099
f 3115 3099 3139
f 3139 3099 3107
f 3139 3107 3155
f 3155 3107 3123
f 3155 3123 3163
f 3163 3123 3130
f 3163 3130 3170
f 3170 3130 3125
f 3170 3125 3165
f 3165 3125 3109
f 3165 3109 3157
f 3157 3109 3101
f 3157 3101 3141
f 3141 3101 3085
f 3141 3085 3117
f 3117 3085 3053
f 3117 3053 3093
f 3093 3053 3025
f 3093 3025 3059
f 3059 3025 2987
f 3059 2987 3027
f 3027 2987 2939
f 3027 2939 2975
f 2975 2939 2891
f 2975 2891 2923
f 2923 2891 2835
f 2923 2835 2859
f 2859 2835 2763
f 2859 2763 2799
f 2799 2763 2695
f 2799 2695 2731
f 2731 2695 2607
f 2731 2607 2651
f 2651 2607 2539
f 2651 2539 2555
f 2555 2539 2435
f 2555 2435 2451
f 2451 2435 2315
f 2451 2315 2343
f 2343 2315 2187
f 2343 2187 2215
f 2215 2187 2051
f 2215 2051 2067
f 2067 2051 1891
f 2067 1891 1899
f 1899 1891 1707
f 1899 1707 1715
f 1715 1707 1397
f 1715 1397 1389
f 1389 1397 1237
f 1389 1237 1221
f 1221 1237 1101
f 1221 1101 1073
f 1073 1101 973
f 1073 973 945
f 945 973 853
f 945 853 837
f 837 853 749
f 837 749 733
f 733 749 681
f 733 681 637
f 637 681 593
f 637 593 557
f 557 593 525
f 557 525 489
f 489 525 453
f 489 453 429
f 429 453 397
f 429 397 365
f 365 397 349
f 365 349 313
f 313 349 297
f 313 297 261
f 261 297 259
f 261 259 225
f 225 259 231
f 225 231 191
f 191 231 199
f 191 199 167
f 167 199 183
f 167 183 143
f 143 183 175
f 143 175 127
f 127 175 159
f 127 159 119
f 119 159 152
f 119 152 112
f 152 204 209
f 152 209 157
f 157 209 217
f 157 217 173
f 173 217 237
f 173 237 181
f 181 237 245
f 181 245 197
f 197 245 281
f 197 281 229
f 229 281 309
f 229 309 257
f 257 309 345
f 257 345 295
f 295 345 375
f 295 375 343
f 343 375 439
f 343 439 391
f 391 439 495
f 391 495 447
f 447 495 543
f 447 543 519
f 519 543 623
f 519 623 587
f 587 623 699
f 587 699 675
f 675 699 795
f 675 795 743
f 743 795 863
f 743 863 847
f 847 863 975
f 847 975 967
f 967 975 1103
f 967 1103 1095
f 1095 1103 1239
f 1095 1239 1231
f 1231 1239 1399
f 1231 1399 1391
f 1391 1399 1693
f 1391 1693 1701
f 1701 1693 1877
f 1701 1877 1885
f 1885 1877 2037
f 1885 2037 2045
f 2045 2037 2173
f 2045 2173 2181
f 2181 2173 2301
f 2181 2301 2309
f 2309 2301 2413
f 2309 2413 2429
f 2429 2413 2481
f 2429 2481 2533
f 2533 2481 2577
f 2533 2577 2601
f 2601 2577 2653
f 2601 2653 2689
f 2689 2653 2733
f 2689 2733 2757
f 2757 2733 2781
f 2757 2781 2829
f 2829 2781 2837
f 2829 2837 2885
f 2885 2837 2905
f 2885 2905 2933
f 2933 2905 2935
f 2933 2935 2985
f 2985 2935 2971
f 2985 2971 3023
f 3023 2971 2999
f 3023 2999 3051
f 3051 2999 3035
f 3051 3035 3083
f 3083 3035 3043
f 3083 3043 3099
f 3099 3043 3063
f 3099 3063 3107
f 3107 3063 3071
f 3107 3071 3123
f 3123 3071 3078
f 3123 3078 3130
f 3130 3078 3073
f 3130 3073 3125
f 3125 3073 3065
f 3125 3065 3109
f 3109 3065 3045
f 3109 3045 3101
f 3101 3045 3037
f 3101 3037 3085
f 3085 3037 3001
f 3085 3001 3053
f 3053 3001 2973
f 3053 2973 3025
f 3025 2973 2937
f 3025 2937 2987
f 2987 2937 2907
f 2987 2907 2939
f 2939 2907 2843
f 2939 2843 2891
f 2891 2843 2787
f 2891 2787 2835
f 2835 2787 2739
f 2835 2739 2763
f 2763 2739 2659
f 2763 2659 2695
f 2695 2659 2583
f 2695 2583 2607
f 2607 2583 2487
f 2607 2487 2539
f 2539 2487 2419
f 2539 2419 2435
f 2435 2419 2307
f 2435 2307 2315
f 2315 2307 2179
f 2315 2179 2187
f 2187 2179 2043
f 2187 2043 2051
f 2051 2043 1883
f 2051 1883 1891
f 1891 1883 1699
f 1891 1699 1707
f 1707 1699 1405
f 1707 1405 1397
f 1397 1405 1245
f 1397 1245 1237
f 1237 1245 1109
f 1237 1109 1101
f 1101 1109 981
f 1101 981 973
f 973 981 869
f 973 869 853
f 853 869 801
f 853 801 749
f 749 801 705
f 749 705 681
f 681 705 629
f 681 629 593
f 593 629 549
f 593 549 525
f 525 549 501
f 525 501 453
f 453 501 445
f 453 445 397
f 397 445 377
f 397 377 349
f 349 377 347
f 349 347 297
f 297 347 311
f 297 311 259
f 259 311 283
f 259 283 231
f 231 283 247
f 231 247 199
f 199 247 239
f 199 239 183
f 183 239 219
f 183 219 175
f 175 219 211
f 175 211 159
f 159 211 204
f 159 204 152
f 204 252 265
f 204 265 209
f 209 265 273
f 209 273 217
f 217 273 289
f 217 289 237
f 237 289 301
f 237 301 245
f 245 301 329
f 245 329 281
f 281 329 361
f 281 361 309
f 309 361 393
f 309 393 345
f 345 393 441
f 345 441 375
f 375 441 491
f 375 491 439
f 439 491 535
f 439 535 495
f 495 535 607
f 495 607 543
f 543 607 667
f 543 667 623
f 623 667 735
f 623 735 699
f 699 735 823
f 699 823 795
f 795 823 923
f 795 923 863
f 863 923 999
f 863 999 975
f 975 999 1119
f 975 1119 1103
f 1103 1119 1255
f 1103 1255 1239
f 1239 1255 1415
f 1239 1415 1399
f 1399 1415 1685
f 1399 1685 1693
f 1693 1685 1861
f 1693 1861 1877
f 1877 1861 2021
f 1877 2021 2037
f 2037 2021 2157
f 2037 2157 2173
f 2173 2157 2277
f 2173 2277 2301
f 2301 2277 2353
f 2301 2353 2413
f 2413 2353 2453
f 2413 2453 2481
f 2481 2453 2541
f 2481 2541 2577
f 2577 2541 2609
f 2577 2609 2653
f 2653 2609 2669
f 2653 2669 2733
f 2733 2669 2741
f 2733 2741 2781
f 2781 2741 2789
f 2781 2789 2837
f 2837 2789 2839
f 2837 2839 2905
f 2905 2839 2887
f 2905 2887 2935
f 2935 2887 2919
f 2935 2919 2971
f 2971 2919 2951
f 2971 2951 2999
f 2999 2951 2979
f 2999 2979 3035
f 3035 2979 2991
f 3035 2991 3043
f 3043 2991 3007
f 3043 3007 3063
f 3063 3007 3015
f 3063 3015 3071
f 3071 3015 3030
f 3071 3030 3078
f 3078 3030 3017
f 3078 3017 3073
f 3073 3017 3009
f 3073 3009 3065
f 3065 3009 2993
f 3065 2993 3045
f 3045 2993 2981
f 3045 2981 3037
f 3037 2981 2953
f 3037 2953 3001
f 3001 2953 2921
f 3001 2921 2973
f 2973 2921 2889
f 2973 2889 2937
f 2937 2889 2841
f 2937 2841 2907
f 2907 2841 2791
f 2907 2791 2843
f 2843 2791 2747
f 2843 2747 2787
f 2787 2747 2675
f 2787 2675 2739
f 2739 2675 2615
f 2739 2615 2659
f 2659 2615 2547
f 2659 2547 2583
f 2583 2547 2459
f 2583 2459 2487
f 2487 2459 2359
f 2487 2359 2419
f 2419 2359 2283
f 2419 2283 2307
f 2307 2283 2163
f 2307 2163 2179
f 2179 2163 2027
f 2179 2027 2043
f 2043 2027 1867
f 2043 1867 1883
f 1883 1867 1691
f 1883 1691 1699
f 1699 1691 1421
f 1699 1421 1405
f 1405 1421 1261
f 1405 1261 1245
f 1245 1261 1125
f 1245 1125 1109
f 1109 1125 1005
f 1109 1005 981
f 981 1005 929
f 981 929 869
f 869 929 829
f 869 829 801
f 801 829 741
f 801 741 705
f 705 741 673
f 705 673 629
f 629 673 613
f 629 613 549
f 549 613 541
f 549 541 501
f 501 541 493
f 501 493 445
f 445 493 443
f 445 443 377
f 377 443 395
f 377 395 347
f 347 395 363
f 347 363 311
f 311 363 331
f 311 331 283
f 283 331 303
f 283 303 247
f 247 303 291
f 247 291 239
f 239 291 275
f 239 275 219
f 219 275 267
f 219 267 211
f 211 267 252
f 211 252 204
f 252 316 321
f 252 321 265
f 265 321 337
f 265 337 273
f 273 337 353
f 273 353 289
f 289 353 369
f 289 369 301
f 301 369 381
f 301 381 329
f 329 381 425
f 329 425 361
f 361 425 449
f 361 449 393
f 393 449 497
f 393 497 441
f 441 497 537
f 441 537 491
f 491 537 595
f 491 595 535
f 535 595 639
f 535 639 607
f 607 639 719
f 607 719 667
f 667 719 787
f 667 787 735
f 735 787 855
f 735 855 823
f 823 855 951
f 823 951 923
f 923 951 1051
f 923 1051 999
f 999 1051 1135
f 999 1135 1119
f 1119 1135 1271
f 1119 1271 1255
f 1255 1271 1423
f 1255 1423 1415
f 1415 1423 1677
f 1415 1677 1685
f 1685 1677 1853
f 1685 1853 1861
f 1861 1853 2005
f 1861 2005 2021
f 2021 2005 2141
f 2021 2141 2157
f 2157 2141 2225
f 2157 2225 2277
f 2277 2225 2325
f 2277 2325 2353
f 2353 2325 2421
f 2353 2421 2453
f 2453 2421 2489
f 2453 2489 2541
f 2541 2489 2557
f 2541 2557 2609
f 2609 2557 2637
f 2609 2637 2669
f 2669 2637 2685
f 2669 2685 2741
f 2741 2685 2743
f 2741 2743 2789
f 2789 2743 2783
f 2789 2783 2839
f 2839 2783 2831
f 2839 2831 2887
f 2887 2831 2855
f 2887 2855 2919
f 2919 2855 2899
f 2919 2899 2951
f 2951 2899 2911
f 2951 2911 2979
f 2979 2911 2927
f 2979 2927 2991
f 2991 2927 2943
f 2991 2943 3007
f 3007 2943 2959
f 3007 2959 3015
f 3015 2959 2966
f 3015 2966 3030
f 3030 2966 2961
f 3030 2961 3017
f 3017 2961 2945
f 3017 2945 3009
f 3009 2945 2929
f 3009 2929 2993
f 2993 2929 2913
f 2993 2913 2981
f 2981 2913 2901
f 2981 2901 2953
f 2953 2901 2857
f 2953 2857 2921
f 2921 2857 2833
f 2921 2833 2889
f 2889 2833 2785
f 2889 2785 2841
f 2841 2785 2745
f 2841 2745 2791
f 2791 2745 2687
f 2791 2687 2747
f 2747 2687 2643
f 2747 2643 2675
f 2675 2643 2563
f 2675 2563 2615
f 2615 2563 2495
f 2615 2495 2547
f 2547 2495 2427
f 2547 2427 2459
f 2459 2427 2331
f 2459 2331 2359
f 2359 2331 2231
f 2359 2231 2283
f 2283 2231 2147
f 2283 2147 2163
f 2163 2147 2011
f 2163 2011 2027
f 2027 2011 1859
f 2027 1859 1867
f 1867 1859 1683
f 1867 1683 1691
f 1691 1683 1429
f 1691 1429 1421
f 1421 1429 1277
f 1421 1277 1261
f 1261 1277 1141
f 1261 1141 1125
f 1125 1141 1057
f 1125 1057 1005
f 1005 1057 957
f 1005 957 929
f 929 957 861
f 929 861 829
f 829 861 793
f 829 793 741
f 741 793 725
f 741 725 673
f 673 725 645
f 673 645 613
f 613 645 597
f 613 597 541
f 541 597 539
f 541 539 493
f 493 539 499
f 493 499 443
f 443 499 451
f 443 451 395
f 395 451 427
f 395 427 363
f 363 427 383
f 363 383 331
f 331 383 371
f 331 371 303
f 303 371 355
f 303 355 291
f 291 355 339
f 291 339 275
f 275 339 323
f 275 323 267
f 267 323 316
f 267 316 252
f 316 388 401
f 316 401 321
f 321 401 409
f 321 409 337
f 337 409 417
f 337 417 353
f 353 417 433
f 353 433 369
f 369 433 457
f 369 457 381
f 381 457 485
f 381 485 425
f 425 485 521
f 425 521 449
f 449 521 545
f 449 545 497
f 497 545 609
f 497 609 537
f 537 609 641
f 537 641 595
f 595 641 707
f 595 707 639
f 639 707 755
f 639 755 719
f 719 755 839
f 719 839 787
f 787 839 907
f 787 907 855
f 855 907 983
f 855 983 951
f 951 983 1079
f 951 1079 1051
f 1051 1079 1179
f 1051 1179 1135
f 1135 1179 1287
f 1135 1287 1271
f 1271 1287 1435
f 1271 1435 1423
f 1423 1435 1669
f 1423 1669 1677
f 1677 1669 1841
f 1677 1841 1853
f 1853 1841 1989
f 1853 1989 2005
f 2005 1989 2097
f 2005 2097 2141
f 2141 2097 2197
f 2141 2197 2225
f 2225 2197 2293
f 2225 2293 2325
f 2325 2293 2369
f 2325 2369 2421
f 2421 2369 2437
f 2421 2437 2489
f 2489 2437 2521
f 2489 2521 2557
f 2557 2521 2573
f 2557 2573 2637
f 2637 2573 2639
f 2637 2639 2685
f 2685 2639 2671
f 2685 2671 2743
f 2743 2671 2735
f 2743 2735 2783
f 2783 2735 2759
f 2783 2759 2831
f 2831 2759 2795
f 2831 2795 2855
f 2855 2795 2823
f 2855 2823 2899
f 2899 2823 2847
f 2899 2847 2911
f 2911 2847 2863
f 2911 2863 2927
f 2927 2863 2871
f 2927 2871 2943
f 2943 2871 2879
f 2943 2879 2959
f 2959 2879 2894
f 2959 2894 2966
f 2966 2894 2881
f 2966 2881 2961
f 2961 2881 2873
f 2961 2873 2945
f 2945 2873 2865
f 2945 2865 2929
f 2929 2865 2849
f 2929 2849 2913
f 2913 2849 2825
f 2913 2825 2901
f 2901 2825 2797
f 2901 2797 2857
f 2857 2797 2761
f 2857 2761 2833
f 2833 2761 2737
f 2833 2737 2785
f 2785 2737 2673
f 2785 2673 2745
f 2745 2673 2641
f 2745 2641 2687
f 2687 2641 2575
f 2687 2575 2643
f 2643 2575 2527
f 2643 2527 2563
f 2563 2527 2443
f 2563 2443 2495
f 2495 2443 2375
f 2495 2375 2427
f 2427 2375 2299
f 2427 2299 2331
f 2331 2299 2203
f 2331 2203 2231
f 2231 2203 2103
f 2231 2103 2147
f 2147 2103 1995
f 2147 1995 2011
f 2011 1995 1847
f 2011 1847 1859
f 1859 1847 1675
f 1859 1675 1683
f 1683 1675 1441
f 1683 1441 1429
f 1429 1441 1293
f 1429 1293 1277
f 1277 1293 1185
f 1277 1185 1141
f 1141 1185 1085
f 1141 1085 1057
f 1057 1085 989
f 1057 989 957
f 957 989 913
f 957 913 861
f 861 913 845
f 861 845 793
f 793 845 761
f 793 761 725
f 725 761 709
f 725 709 645
f 645 709 643
f 645 643 597
f 597 643 611
f 597 611 539
f 539 611 547
f 539 547 499
f 499 547 523
f 499 523 451
f 451 523 487
f 451 487 427
f 427 487 459
f 427 459 383
f 383 459 435
f 383 435 371
f 371 435 419
f 371 419 355
f 355 419 411
f 355 411 339
f 339 411 403
f 339 403 323
f 323 403 388
f 323 388 316
f 388 464 469
f 388 469 401
f 401 469 477
f 401 477 409
f 409 477 505
f 409 505 417
f 417 505 513
f 417 513 433
f 433 513 529
f 433 529 457
f 457 529 553
f 457 553 485
f 485 553 589
f 485 589 521
f 521 589 625
f 521 625 545
f 545 625 669
f 545 669 609
f 609 669 721
f 609 721 641
f 641 721 757
f 641 757 707
f 707 757 819
f 707 819 755
f 755 819 883
f 755 883 839
f 839 883 959
f 839 959 907
f 907 959 1035
f 907 1035 983
f 983 1035 1111
f 983 1111 1079
f 1079 1111 1223
f 1079 1223 1179
f 1179 1223 1299
f 1179 1299 1287
f 1287 1299 1451
f 1287 1451 1435
f 1435 1451 1661
f 1435 1661 1669
f 1669 1661 1825
f 1669 1825 1841
f 1841 1825 1977
f 1841 1977 1989
f 1989 1977 2053
f 1989 2053 2097
f 2097 2053 2165
f 2097 2165 2197
f 2197 2165 2241
f 2197 2241 2293
f 2293 2241 2317
f 2293 2317 2369
f 2369 2317 2393
f 2369 2393 2437
f 2437 2393 2461
f 2437 2461 2521
f 2521 2461 2523
f 2521 2523 2573
f 2573 2523 2559
f 2573 2559 2639
f 2639 2559 2611
f 2639 2611 2671
f 2671 2611 2655
f 2671 2655 2735
f 2735 2655 2691
f 2735 2691 2759
f 2759 2691 2727
f 2759 2727 2795
f 2795 2727 2751
f 2795 2751 2823
f 2823 2751 2767
f 2823 2767 2847
f 2847 2767 2775
f 2847 2775 2863
f 2863 2775 2803
f 2863 2803 2871
f 2871 2803 2811
f 2871 2811 2879
f 2879 2811 2818
f 2879 2818 2894
f 2894 2818 2813
f 2894 2813 2881
f 2881 2813 2805
f 2881 2805 2873
f 2873 2805 2777
f 2873 2777 2865
f 2865 2777 2769
f 2865 2769 2849
f 2849 2769 2753
f 2849 2753 2825
f 2825 2753 2729
f 2825 2729 2797
f 2797 2729 2693
f 2797 2693 2761
f 2761 2693 2657
f 2761 2657 2737
f 2737 2657 2613
f 2737 2613 2673
f 2673 2613 2561
f 2673 2561 2641
f 2641 2561 2525
f 2641 2525 2575
f 2575 2525 2463
f 2575 2463 2527
f 2527 2463 2399
f 2527 2399 2443
f 2443 2399 2323
f 2443 2323 2375
f 2375 2323 2247
f 2375 2247 2299
f 2299 2247 2171
f 2299 2171 2203
f 2203 2171 2059
f 2203 2059 2103
f 2103 2059 1983
f 2103 1983 1995
f 1995 1983 1831
f 1995 1831 1847
f 1847 1831 1667
f 1847 1667 1675
f 1675 1667 1457
f 1675 1457 1441
f 1441 1457 1305
f 1441 1305 1293
f 1293 1305 1229
f 1293 1229 1185
f 1185 1229 1117
f 1185 1117 1085
f 1085 1117 1041
f 1085 1041 989
f 989 1041 965
f 989 965 913
f 913 965 889
f 913 889 845
f 845 889 821
f 845 821 761
f 761 821 759
f 761 759 709
f 709 759 723
f 709 723 643
f 643 723 671
f 643 671 611
f 611 671 627
f 611 627 547
f 547 627 591
f 547 591 523
f 523 591 555
f 523 555 487
f 487 555 531
f 487 531 459
f 459 531 515
f 459 515 435
f 435 515 507
f 435 507 419
f 419 507 479
f 419 479 411
f 411 479 471
f 411 471 403
f 403 471 464
f 403 464 388
f 464 560 565
f 464 565 469
f 469 565 573
f 469 573 477
f 477 573 581
f 477 581 505
f 505 581 601
f 505 601 513
f 513 601 617
f 513 617 529
f 529 617 633
f 529 633 553
f 553 633 677
f 553 677 589
f 589 677 701
f 589 701 625
f 625 701 737
f 625 737 669
f 669 737 789
f 669 789 721
f 721 789 841
f 721 841 757
f 757 841 885
f 757 885 819
f 819 885 947
f 819 947 883
f 883 947 991
f 883 991 959
f 959 991 1087
f 959 1087 1035
f 1035 1087 1143
f 1035 1143 1111
f 1111 1143 1247
f 1111 1247 1223
f 1223 1247 1315
f 1223 1315 1299
f 1299 1315 1459
f 1299 1459 1451
f 1451 1459 1653
f 1451 1653 1661
f 1661 1653 1817
f 1661 1817 1825
f 1825 1817 1961
f 1825 1961 1977
f 1977 1961 2029
f 1977 2029 2053
f 2053 2029 2133
f 2053 2133 2165
f 2165 2133 2189
f 2165 2189 2241
f 2241 2189 2285
f 2241 2285 2317
f 2317 2285 2333
f 2317 2333 2393
f 2393 2333 2395
f 2393 2395 2461
f 2461 2395 2439
f 2461 2439 2523
f 2523 2439 2491
f 2523 2491 2559
f 2559 2491 2543
f 2559 2543 2611
f 2611 2543 2579
f 2611 2579 2655
f 2655 2579 2603
f 2655 2603 2691
f 2691 2603 2647
f 2691 2647 2727
f 2727 2647 2663
f 2727 2663 2751
f 2751 2663 2679
f 2751 2679 2767
f 2767 2679 2699
f 2767 2699 2775
f 2775 2699 2707
f 2775 2707 2803
f 2803 2707 2715
f 2803 2715 2811
f 2811 2715 2722
f 2811 2722 2818
f 2818 2722 2717
f 2818 2717 2813
f 2813 2717 2709
f 2813 2709 2805
f 2805 2709 2701
f 2805 2701 2777
f 2777 2701 2681
f 2777 2681 2769
f 2769 2681 2665
f 2769 2665 2753
f 2753 2665 2649
f 2753 2649 2729
f 2729 2649 2605
f 2729 2605 2693
f 2693 2605 2581
f 2693 2581 2657
f 2657 2581 2545
f 2657 2545 2613
f 2613 2545 2493
f 2613 2493 2561
f 2561 2493 2441
f 2561 2441 2525
f 2525 2441 2397
f 2525 2397 2463
f 2463 2397 2335
f 2463 2335 2399
f 2399 2335 2291
f 2399 2291 2323
f 2323 2291 2195
f 2323 2195 2247
f 2247 2195 2139
f 2247 2139 2171
f 2171 2139 2035
f 2171 2035 2059
f 2059 2035 1967
f 2059 1967 1983
f 1983 1967 1823
f 1983 1823 1831
f 1831 1823 1659
f 1831 1659 1667
f 1667 1659 1465
f 1667 1465 1457
f 1457 1465 1321
f 1457 1321 1305
f 1305 1321 1253
f 1305 1253 1229
f 1229 1253 1149
f 1229 1149 1117
f 1117 1149 1093
f 1117 1093 1041
f 1041 1093 997
f 1041 997 965
f 965 997 949
f 965 949 889
f 889 949 887
f 889 887 821
f 821 887 843
f 821 843 759
f 759 843 791
f 759 791 723
f 723 791 739
f 723 739 671
f 671 739 703
f 671 703 627
f 627 703 679
f 627 679 591
f 591 679 635
f 591 635 555
f 555 635 619
f 555 619 531
f 531 619 603
f 531 603 515
f 515 603 583
f 515 583 507
f 507 583 575
f 507 575 479
f 479 575 567
f 479 567 471
f 471 567 560
f 471 560 464
f 560 648 653
f 560 653 565
f 565 653 661
f 565 661 573
f 573 661 685
f 573 685 581
f 581 685 693
f 581 693 601
f 601 693 713
f 601 713 617
f 617 713 729
f 617 729 633
f 633 729 745
f 633 745 677
f 677 745 797
f 677 797 701
f 701 797 825
f 701 825 737
f 737 825 857
f 737 857 789
f 789 857 909
f 789 909 841
f 841 909 961
f 841 961 885
f 885 961 993
f 885 993 947
f 947 993 1075
f 947 1075 991
f 991 1075 1127
f 991 1127 1087
f 1087 1127 1207
f 1087 1207 1143
f 1143 1207 1279
f 1143 1279 1247
f 1247 1279 1375
f 1247 1375 1315
f 1315 1375 1475
f 1315 1475 1459
f 1459 1475 1645
f 1459 1645 1653
f 1653 1645 1801
f 1653 1801 1817
f 1817 1801 1901
f 1817 1901 1961
f 1961 1901 1997
f 1961 1997 2029
f 2029 1997 2069
f 2029 2069 2133
f 2133 2069 2149
f 2133 2149 2189
f 2189 2149 2205
f 2189 2205 2285
f 2285 2205 2287
f 2285 2287 2333
f 2333 2287 2319
f 2333 2319 2395
f 2395 2319 2371
f 2395 2371 2439
f 2439 2371 2423
f 2439 2423 2491
f 2491 2423 2455
f 2491 2455 2543
f 2543 2455 2483
f 2543 2483 2579
f 2579 2483 2535
f 2579 2535 2603
f 2603 2535 2551
f 2603 2551 2647
f 2647 2551 2567
f 2647 2567 2663
f 2663 2567 2587
f 2663 2587 2679
f 2679 2587 2595
f 2679 2595 2699
f 2699 2595 2619
f 2699 2619 2707
f 2707 2619 2627
f 2707 2627 2715
f 2715 2627 2634
f 2715 2634 2722
f 2722 2634 2629
f 2722 2629 2717
f 2717 2629 2621
f 2717 2621 2709
f 2709 2621 2597
f 2709 2597 2701
f 2701 2597 2589
f 2701 2589 2681
f 2681 2589 2569
f 2681 2569 2665
f 2665 2569 2553
f 2665 2553 2649
f 2649 2553 2537
f 2649 2537 2605
f 2605 2537 2485
f 2605 2485 2581
f 2581 2485 2457
f 2581 2457 2545
f 2545 2457 2425
f 2545 2425 2493
f 2493 2425 2373
f 2493 2373 2441
f 2441 2373 2321
f 2441 2321 2397
f 2397 2321 2289
f 2397 2289 2335
f 2335 2289 2207
f 2335 2207 2291
f 2291 2207 2155
f 2291 2155 2195
f 2195 2155 2075
f 2195 2075 2139
f 2139 2075 2003
f 2139 2003 2035
f 2035 2003 1907
f 2035 1907 1967
f 1967 1907 1807
f 1967 1807 1823
f 1823 1807 1651
f 1823 1651 1659
f 1659 1651 1481
f 1659 1481 1465
f 1465 1481 1381
f 1465 1381 1321
f 1321 1381 1285
f 1321 1285 1253
f 1253 1285 1213
f 1253 1213 1149
f 1149 1213 1133
f 1149 1133 1093
f 1093 1133 1077
f 1093 1077 997
f 997 1077 995
f 997 995 949
f 949 995 963
f 949 963 887
f 887 963 911
f 887 911 843
f 843 911 859
f 843 859 791
f 791 859 827
f 791 827 739
f 739 827 799
f 739 799 703
f 703 799 747
f 703 747 679
f 679 747 731
f 679 731 635
f 635 731 715
f 635 715 619
f 619 715 695
f 619 695 603
f 603 695 687
f 603 687 583
f 583 687 663
f 583 663 575
f 575 663 655
f 575 655 567
f 567 655 648
f 567 648 560
f 648 752 765
f 648 765 653
f 653 765 773
f 653 773 661
f 661 773 781
f 661 781 685
f 685 781 805
f 685 805 693
f 693 805 813
f 693 813 713
f 713 813 833
f 713 833 729
f 729 833 849
f 729 849 745
f 745 849 865
f 745 865 797
f 797 865 925
f 797 925 825
f 825 925 953
f 825 953 857
f 857 953 985
f 857 985 909
f 909 985 1037
f 909 1037 961
f 961 1037 1089
f 961 1089 993
f 993 1089 1129
f 993 1129 1075
f 1075 1129 1195
f 1075 1195 1127
f 1127 1195 1263
f 1127 1263 1207
f 1207 1263 1307
f 1207 1307 1279
f 1279 1307 1407
f 1279 1407 1375
f 1375 1407 1483
f 1375 1483 1475
f 1475 1483 1637
f 1475 1637 1645
f 1645 1637 1793
f 1645 1793 1801
f 1801 1793 1869
f 1801 1869 1901
f 1901 1869 1969
f 1901 1969 1997
f 1997 1969 2013
f 1997 2013 2069
f 2069 2013 2085
f 2069 2085 2149
f 2149 2085 2151
f 2149 2151 2205
f 2205 2151 2191
f 2205 2191 2287
f 2287 2191 2243
f 2287 2243 2319
f 2319 2243 2295
f 2319 2295 2371
f 2371 2295 2327
f 2371 2327 2423
f 2423 2327 2355
f 2423 2355 2455
f 2455 2355 2415
f 2455 2415 2483
f 2483 2415 2431
f 2483 2431 2535
f 2535 2431 2447
f 2535 2447 2551
f 2551 2447 2467
f 2551 2467 2567
f 2567 2467 2475
f 2567 2475 2587
f 2587 2475 2499
f 2587 2499 2595
f 2595 2499 2507
f 2595 2507 2619
f 2619 2507 2515
f 2619 2515 2627
f 2627 2515 2530
f 2627 2530 2634
f 2634 2530 2517
f 2634 2517 2629
f 2629 2517 2509
f 2629 2509 2621
f 2621 2509 2501
f 2621 2501 2597
f 2597 2501 2477
f 2597 2477 2589
f 2589 2477 2469
f 2589 2469 2569
f 2569 2469 2449
f 2569 2449 2553
f 2553 2449 2433
f 2553 2433 2537
f 2537 2433 2417
f 2537 2417 2485
f 2485 2417 2357
f 2485 2357 2457
f 2457 2357 2329
f 2457 2329 2425
f 2425 2329 2297
f 2425 2297 2373
f 2373 2297 2245
f 2373 2245 2321
f 2321 2245 2193
f 2321 2193 2289
f 2289 2193 2153
f 2289 2153 2207
f 2207 2153 2087
f 2207 2087 2155
f 2155 2087 2019
f 2155 2019 2075
f 2075 2019 1975
f 2075 1975 2003
f 2003 1975 1875
f 2003 1875 1907
f 1907 1875 1799
f 1907 1799 1807
f 1807 1799 1643
f 1807 1643 1651
f 1651 1643 1489
f 1651 1489 1481
f 1481 1489 1413
f 1481 1413 1381
f 1381 1413 1313
f 1381 1313 1285
f 1285 1313 1269
f 1285 1269 1213
f 1213 1269 1197
f 1213 1197 1133
f 1133 1197 1131
f 1133 1131 1077
f 1077 1131 1091
f 1077 1091 995
f 995 1091 1039
f 995 1039 963
f 963 1039 987
f 963 987 911
f 911 987 955
f 911 955 859
f 859 955 927
f 859 927 827
f 827 927 867
f 827 867 799
f 799 867 851
f 799 851 747
f 747 851 835
f 747 835 731
f 731 835 815
f 731 815 715
f 715 815 807
f 715 807 695
f 695 807 783
f 695 783 687
f 687 783 775
f 687 775 663
f 663 775 767
f 663 767 655
f 655 767 752
f 655 752 648
f 752 872 877
f 752 877 765
f 765 877 893
f 765 893 773
f 773 893 901
f 773 901 781
f 781 901 917
f 781 917 805
f 805 917 933
f 805 933 813
f 813 933 941
f 813 941 833
f 833 941 969
f 833 969 849
f 849 969 977
f 849 977 865
f 865 977 1001
f 865 1001 925
f 925 1001 1053
f 925 1053 953
f 953 1053 1081
f 953 1081 985
f 985 1081 1113
f 985 1113 1037
f 1037 1113 1145
f 1037 1145 1089
f 1089 1145 1209
f 1089 1209 1129
f 1129 1209 1265
f 1129 1265 1195
f 1195 1265 1295
f 1195 1295 1263
f 1263 1295 1367
f 1263 1367 1307
f 1307 1367 1443
f 1307 1443 1407
f 1407 1443 1495
f 1407 1495 1483
f 1483 1495 1629
f 1483 1629 1637
f 1637 1629 1781
f 1637 1781 1793
f 1793 1781 1833
f 1793 1833 1869
f 1869 1833 1909
f 1869 1909 1969
f 1969 1909 1985
f 1969 1985 2013
f 2013 1985 2015
f 2013 2015 2085
f 2085 2015 2071
f 2085 2071 2151
f 2151 2071 2135
f 2151 2135 2191
f 2191 2135 2167
f 2191 2167 2243
f 2243 2167 2199
f 2243 2199 2295
f 2295 2199 2227
f 2295 2227 2327
f 2327 2227 2279
f 2327 2279 2355
f 2355 2279 2303
f 2355 2303 2415
f 2415 2303 2311
f 2415 2311 2431
f 2431 2311 2339
f 2431 2339 2447
f 2447 2339 2347
f 2447 2347 2467
f 2467 2347 2363
f 2467 2363 2475
f 2475 2363 2379
f 2475 2379 2499
f 2499 2379 2387
f 2499 2387 2507
f 2507 2387 2403
f 2507 2403 2515
f 2515 2403 2410
f 2515 2410 2530
f 2530 2410 2405
f 2530 2405 2517
f 2517 2405 2389
f 2517 2389 2509
f 2509 2389 2381
f 2509 2381 2501
f 2501 2381 2365
f 2501 2365 2477
f 2477 2365 2349
f 2477 2349 2469
f 2469 2349 2341
f 2469 2341 2449
f 2449 2341 2313
f 2449 2313 2433
f 2433 2313 2305
f 2433 2305 2417
f 2417 2305 2281
f 2417 2281 2357
f 2357 2281 2229
f 2357 2229 2329
f 2329 2229 2201
f 2329 2201 2297
f 2297 2201 2169
f 2297 2169 2245
f 2245 2169 2137
f 2245 2137 2193
f 2193 2137 2073
f 2193 2073 2153
f 2153 2073 2017
f 2153 2017 2087
f 2087 2017 1987
f 2087 1987 2019
f 2019 1987 1915
f 2019 1915 1975
f 1975 1915 1839
f 1975 1839 1875
f 1875 1839 1787
f 1875 1787 1799
f 1799 1787 1635
f 1799 1635 1643
f 1643 1635 1501
f 1643 1501 1489
f 1489 1501 1449
f 1489 1449 1413
f 1413 1449 1373
f 1413 1373 1313
f 1313 1373 1297
f 1313 1297 1269
f 1269 1297 1267
f 1269 1267 1197
f 1197 1267 1211
f 1197 1211 1131
f 1131 1211 1147
f 1131 1147 1091
f 1091 1147 1115
f 1091 1115 1039
f 1039 1115 1083
f 1039 1083 987
f 987 1083 1055
f 987 1055 955
f 955 1055 1003
f 955 1003 927
f 927 1003 979
f 927 979 867
f 867 979 971
f 867 971 851
f 851 971 943
f 851 943 835
f 835 943 935
f 835 935 815
f 815 935 919
f 815 919 807
f 807 919 903
f 807 903 783
f 783 903 895
f 783 895 775
f 775 895 879
f 775 879 767
f 767 879 872
f 767 872 752
f 872 1008 1013
f 872 1013 877
f 877 1013 1021
f 877 1021 893
f 893 1021 1029
f 893 1029 901
f 901 1029 1045
f 901 1045 917
f 917 1045 1061
f 917 1061 933
f 933 1061 1069
f 933 1069 941
f 941 1069 1097
f 941 1097 969
f 969 1097 1105
f 969 1105 977
f 977 1105 1121
f 977 1121 1001
f 1001 1121 1137
f 1001 1137 1053
f 1053 1137 1181
f 1053 1181 1081
f 1081 1181 1225
f 1081 1225 1113
f 1113 1225 1249
f 1113 1249 1145
f 1145 1249 1281
f 1145 1281 1209
f 1209 1281 1309
f 1209 1309 1265
f 1265 1309 1369
f 1265 1369 1295
f 1295 1369 1431
f 1295 1431 1367
f 1367 1431 1467
f 1367 1467 1443
f 1443 1467 1503
f 1443 1503 1495
f 1495 1503 1621
f 1495 1621 1629
f 1629 1621 1773
f 1629 1773 1781
f 1781 1773 1809
f 1781 1809 1833
f 1833 1809 1849
f 1833 1849 1909
f 1909 1849 1911
f 1909 1911 1985
f 1985 1911 1971
f 1985 1971 2015
f 2015 1971 1999
f 2015 1999 2071
f 2071 1999 2031
f 2071 2031 2135
f 2135 2031 2055
f 2135 2055 2167
f 2167 2055 2099
f 2167 2099 2199
f 2199 2099 2143
f 2199 2143 2227
f 2227 2143 2159
f 2227 2159 2279
f 2279 2159 2175
f 2279 2175 2303
f 2303 2175 2183
f 2303 2183 2311
f 2311 2183 2211
f 2311 2211 2339
f 2339 2211 2219
f 2339 2219 2347
f 2347 2219 2235
f 2347 2235 2363
f 2363 2235 2251
f 2363 2251 2379
f 2379 2251 2259
f 2379 2259 2387
f 2387 2259 2267
f 2387 2267 2403
f 2403 2267 2274
f 2403 2274 2410
f 2410 2274 2269
f 2410 2269 2405
f 2405 2269 2261
f 2405 2261 2389
f 2389 2261 2253
f 2389 2253 2381
f 2381 2253 2237
f 2381 2237 2365
f 2365 2237 2221
f 2365 2221 2349
f 2349 2221 2213
f 2349 2213 2341
f 2341 2213 2185
f 2341 2185 2313
f 2313 2185 2177
f 2313 2177 2305
f 2305 2177 2161
f 2305 2161 2281
f 2281 2161 2145
f 2281 2145 2229
f 2229 2145 2101
f 2229 2101 2201
f 2201 2101 2057
f 2201 2057 2169
f 2169 2057 2033
f 2169 2033 2137
f 2137 2033 2001
f 2137 2001 2073
f 2073 2001 1973
f 2073 1973 2017
f 2017 1973 1913
f 2017 1913 1987
f 1987 1913 1851
f 1987 1851 1915
f 1915 1851 1815
f 1915 1815 1839
f 1839 1815 1779
f 1839 1779 1787
f 1787 1779 1627
f 1787 1627 1635
f 1635 1627 1509
f 1635 1509 1501
f 1501 1509 1473
f 1501 1473 1449
f 1449 1473 1433
f 1449 1433 1373
f 1373 1433 1371
f 1373 1371 1297
f 1297 1371 1311
f 1297 1311 1267
f 1267 1311 1283
f 1267 1283 1211
f 1211 1283 1251
f 1211 1251 1147
f 1147 1251 1227
f 1147 1227 1115
f 1115 1227 1183
f 1115 1183 1083
f 1083 1183 1139
f 1083 1139 1055
f 1055 1139 1123
f 1055 1123 1003
f 1003 1123 1107
f 1003 1107 979
f 979 1107 1099
f 979 1099 971
f 971 1099 1071
f 971 1071 943
f 943 1071 1063
f 943 1063 935
f 935 1063 1047
f 935 1047 919
f 919 1047 1031
f 919 1031 903
f 903 1031 1023
f 903 1023 895
f 895 1023 1015
f 895 1015 879
f 879 1015 1008
f 879 1008 872
f 1008 1152 1157
f 1008 1157 1013
f 1013 1157 1165
f 1013 1165 1021
f 1021 1165 1173
f 1021 1173 1029
f 1029 1173 1189
f 1029 1189 1045
f 1045 1189 1201
f 1045 1201 1061
f 1061 1201 1217
f 1061 1217 1069
f 1069 1217 1233
f 1069 1233 1097
f 1097 1233 1241
f 1097 1241 1105
f 1105 1241 1257
f 1105 1257 1121
f 1121 1257 1273
f 1121 1273 1137
f 1137 1273 1289
f 1137 1289 1181
f 1181 1289 1301
f 1181 1301 1225
f 1225 1301 1317
f 1225 1317 1249
f 1249 1317 1377
f 1249 1377 1281
f 1281 1377 1409
f 1281 1409 1309
f 1309 1409 1445
f 1309 1445 1369
f 1369 1445 1469
f 1369 1469 1431
f 1431 1469 1491
f 1431 1491 1467
f 1467 1491 1511
f 1467 1511 1503
f 1503 1511 1613
f 1503 1613 1621
f 1621 1613 1765
f 1621 1765 1773
f 1773 1765 1789
f 1773 1789 1809
f 1809 1789 1811
f 1809 1811 1849
f 1849 1811 1835
f 1849 1835 1911
f 1911 1835 1871
f 1911 1871 1971
f 1971 1871 1903
f 1971 1903 1999
f 1999 1903 1963
f 1999 1963 2031
f 2031 1963 1979
f 2031 1979 2055
f 2055 1979 1991
f 2055 1991 2099
f 2099 1991 2007
f 2099 2007 2143
f 2143 2007 2023
f 2143 2023 2159
f 2159 2023 2039
f 2159 2039 2175
f 2175 2039 2047
f 2175 2047 2183
f 2183 2047 2063
f 2183 2063 2211
f 2211 2063 2079
f 2211 2079 2219
f 2219 2079 2091
f 2219 2091 2235
f 2235 2091 2107
f 2235 2107 2251
f 2251 2107 2115
f 2251 2115 2259
f 2259 2115 2123
f 2259 2123 2267
f 2267 2123 2130
f 2267 2130 2274
f 2274 2130 2125
f 2274 2125 2269
f 2269 2125 2117
f 2269 2117 2261
f 2261 2117 2109
f 2261 2109 2253
f 2253 2109 2093
f 2253 2093 2237
f 2237 2093 2081
f 2237 2081 2221
f 2221 2081 2065
f 2221 2065 2213
f 2213 2065 2049
f 2213 2049 2185
f 2185 2049 2041
f 2185 2041 2177
f 2177 2041 2025
f 2177 2025 2161
f 2161 2025 2009
f 2161 2009 2145
f 2145 2009 1993
f 2145 1993 2101
f 2101 1993 1981
f 2101 1981 2057
f 2057 1981 1965
f 2057 1965 2033
f 2033 1965 1905
f 2033 1905 2001
f 2001 1905 1873
f 2001 1873 1973
f 1973 1873 1837
f 1973 1837 1913
f 1913 1837 1813
f 1913 1813 1851
f 1851 1813 1791
f 1851 1791 1815
f 1815 1791 1771
f 1815 1771 1779
f 1779 1771 1619
f 1779 1619 1627
f 1627 1619 1517
f 1627 1517 1509
f 1509 1517 1493
f 1509 1493 1473
f 1473 1493 1471
f 1473 1471 1433
f 1433 1471 1447
f 1433 1447 1371
f 1371 1447 1411
f 1371 1411 1311
f 1311 1411 1379
f 1311 1379 1283
f 1283 1379 1319
f 1283 1319 1251
f 1251 1319 1303
f 1251 1303 1227
f 1227 1303 1291
f 1227 1291 1183
f 1183 1291 1275
f 1183 1275 1139
f 1139 1275 1259
f 1139 1259 1123
f 1123 1259 1243
f 1123 1243 1107
f 1107 1243 1235
f 1107 1235 1099
f 1099 1235 1219
f 1099 1219 1071
f 1071 1219 1203
f 1071 1203 1063
f 1063 1203 1191
f 1063 1191 1047
f 1047 1191 1175
f 1047 1175 1031
f 1031 1175 1167
f 1031 1167 1023
f 1023 1167 1159
f 1023 1159 1015
f 1015 1159 1152
f 1015 1152 1008
f 1152 1324 1329
f 1152 1329 1157
f 1157 1329 1337
f 1157 1337 1165
f 1165 1337 1345
f 1165 1345 1173
f 1173 1345 1353
f 1173 1353 1189
f 1189 1353 1361
f 1189 1361 1201
f 1201 1361 1385
f 1201 1385 1217
f 1217 1385 1393
f 1217 1393 1233
f 1233 1393 1401
f 1233 1401 1241
f 1241 1401 1417
f 1241 1417 1257
f 1257 1417 1425
f 1257 1425 1273
f 1273 1425 1437
f 1273 1437 1289
f 1289 1437 1453
f 1289 1453 1301
f 1301 1453 1461
f 1301 1461 1317
f 1317 1461 1477
f 1317 1477 1377
f 1377 1477 1485
f 1377 1485 1409
f 1409 1485 1497
f 1409 1497 1445
f 1445 1497 1505
f 1445 1505 1469
f 1469 1505 1513
f 1469 1513 1491
f 1491 1513 1519
f 1491 1519 1511
f 1511 1519 1605
f 1511 1605 1613
f 1613 1605 1761
f 1613 1761 1765
f 1765 1761 1767
f 1765 1767 1789
f 1789 1767 1775
f 1789 1775 1811
f 1811 1775 1783
f 1811 1783 1835
f 1835 1783 1795
f 1835 1795 1871
f 1871 1795 1803
f 1871 1803 1903
f 1903 1803 1819
f 1903 1819 1963
f 1963 1819 1827
f 1963 1827 1979
f 1979 1827 1843
f 1979 1843 1991
f 1991 1843 1855
f 1991 1855 2007
f 2007 1855 1863
f 2007 1863 2023
f 2023 1863 1879
f 2023 1879 2039
f 2039 1879 1887
f 2039 1887 2047
f 2047 1887 1895
f 2047 1895 2063
f 2063 1895 1919
f 2063 1919 2079
f 2079 1919 1927
f 2079 1927 2091
f 2091 1927 1935
f 2091 1935 2107
f 2107 1935 1943
f 2107 1943 2115
f 2115 1943 1951
f 2115 1951 2123
f 2123 1951 1958
f 2123 1958 2130
f 2130 1958 1953
f 2130 1953 2125
f 2125 1953 1945
f 2125 1945 2117
f 2117 1945 1937
f 2117 1937 2109
f 2109 1937 1929
f 2109 1929 2093
f 2093 1929 1921
f 2093 1921 2081
f 2081 1921 1897
f 2081 1897 2065
f 2065 1897 1889
f 2065 1889 2049
f 2049 1889 1881
f 2049 1881 2041
f 2041 1881 1865
f 2041 1865 2025
f 2025 1865 1857
f 2025 1857 2009
f 2009 1857 1845
f 2009 1845 1993
f 1993 1845 1829
f 1993 1829 1981
f 1981 1829 1821
f 1981 1821 1965
f 1965 1821 1805
f 1965 1805 1905
f 1905 1805 1797
f 1905 1797 1873
f 1873 1797 1785
f 1873 1785 1837
f 1837 1785 1777
f 1837 1777 1813
f 1813 1777 1769
f 1813 1769 1791
f 1791 1769 1763
f 1791 1763 1771
f 1771 1763 1611
f 1771 1611 1619
f 1619 1611 1521
f 1619 1521 1517
f 1517 1521 1515
f 1517 1515 1493
f 1493 1515 1507
f 1493 1507 1471
f 1471 1507 1499
f 1471 1499 1447
f 1447 1499 1487
f 1447 1487 1411
f 1411 1487 1479
f 1411 1479 1379
f 1379 1479 1463
f 1379 1463 1319
f 1319 1463 1455
f 1319 1455 1303
f 1303 1455 1439
f 1303 1439 1291
f 1291 1439 1427
f 1291 1427 1275
f 1275 1427 1419
f 1275 1419 1259
f 1259 1419 1403
f 1259 1403 1243
f 1243 1403 1395
f 1243 1395 1235
f 1235 1395 1387
f 1235 1387 1219
f 1219 1387 1363
f 1219 1363 1203
f 1203 1363 1355
f 1203 1355 1191
f 1191 1355 1347
f 1191 1347 1175
f 1175 1347 1339
f 1175 1339 1167
f 1167 1339 1331
f 1167 1331 1159
f 1159 1331 1324
f 1159 1324 1152
f 1324 1523 1525
f 1324 1525 1329
f 1329 1525 1529
f 1329 1529 1337
f 1337 1529 1533
f 1337 1533 1345
f 1345 1533 1537
f 1345 1537 1353
f 1353 1537 1541
f 1353 1541 1361
f 1361 1541 1545
f 1361 1545 1385
f 1385 1545 1549
f 1385 1549 1393
f 1393 1549 1553
f 1393 1553 1401
f 1401 1553 1557
f 1401 1557 1417
f 1417 1557 1561
f 1417 1561 1425
f 1425 1561 1565
f 1425 1565 1437
f 1437 1565 1569
f 1437 1569 1453
f 1453 1569 1573
f 1453 1573 1461
f 1461 1573 1577
f 1461 1577 1477
f 1477 1577 1581
f 1477 1581 1485
f 1485 1581 1585
f 1485 1585 1497
f 1497 1585 1589
f 1497 1589 1505
f 1505 1589 1593
f 1505 1593 1513
f 1513 1593 1597
f 1513 1597 1519
f 1519 1597 1601
f 1519 1601 1605
f 1605 1601 1607
f 1605 1607 1761
f 1761 1607 1615
f 1761 1615 1767
f 1767 1615 1623
f 1767 1623 1775
f 1775 1623 1631
f 1775 1631 1783
f 1783 1631 1639
f 1783 1639 1795
f 1795 1639 1647
f 1795 1647 1803
f 1803 1647 1655
f 1803 1655 1819
f 1819 1655 1663
f 1819 1663 1827
f 1827 1663 1671
f 1827 1671 1843
f 1843 1671 1679
f 1843 1679 1855
f 1855 1679 1687
f 1855 1687 1863
f 1863 1687 1695
f 1863 1695 1879
f 1879 1695 1703
f 1879 1703 1887
f 1887 1703 1711
f 1887 1711 1895
f 1895 1711 1719
f 1895 1719 1919
f 1919 1719 1727
f 1919 1727 1927
f 1927 1727 1735
f 1927 1735 1935
f 1935 1735 1743
f 1935 1743 1943
f 1943 1743 1751
f 1943 1751 1951
f 1951 1751 1758
f 1951 1758 1958
f 1958 1758 1753
f 1958 1753 1953
f 1953 1753 1745
f 1953 1745 1945
f 1945 1745 1737
f 1945 1737 1937
f 1937 1737 1729
f 1937 1729 1929
f 1929 1729 1721
f 1929 1721 1921
f 1921 1721 1713
f 1921 1713 1897
f 1897 1713 1705
f 1897 1705 1889
f 1889 1705 1697
f 1889 1697 1881
f 1881 1697 1689
f 1881 1689 1865
f 1865 1689 1681
f 1865 1681 1857
f 1857 1681 1673
f 1857 1673 1845
f 1845 1673 1665
f 1845 1665 1829
f 1829 1665 1657
f 1829 1657 1821
f 1821 1657 1649
f 1821 1649 1805
f 1805 1649 1641
f 1805 1641 1797
f 1797 1641 1633
f 1797 1633 1785
f 1785 1633 1625
f 1785 1625 1777
f 1777 1625 1617
f 1777 1617 1769
f 1769 1617 1609
f 1769 1609 1763
f 1763 1609 1603
f 1763 1603 1611
f 1611 1603 1599
f 1611 1599 1521
f 1521 1599 1595
f 1521 1595 1515
f 1515 1595 1591
f 1515 1591 1507
f 1507 1591 1587
f 1507 1587 1499
f 1499 1587 1583
f 1499 1583 1487
f 1487 1583 1579
f 1487 1579 1479
f 1479 1579 1575
f 1479 1575 1463
f 1463 1575 1571
f 1463 1571 1455
f 1455 1571 1567
f 1455 1567 1439
f 1439 1567 1563
f 1439 1563 1427
f 1427 1563 1559
f 1427 1559 1419
f 1419 1559 1555
f 1419 1555 1403
f 1403 1555 1551
f 1403 1551 1395
f 1395 1551 1547
f 1395 1547 1387
f 1387 1547 1543
f 1387 1543 1363
f 1363 1543 1539
f 1363 1539 1355
f 1355 1539 1535
f 1355 1535 1347
f 1347 1535 1531
f 1347 1531 1339
f 1339 1531 1527
f 1339 1527 1331
f 1331 1527 1523
f 1331 1523 1324
